,Player,Tm,Pos,G,GS,MP,FG,FGA,FTM,FTA,OREB,DREB,AST,STL,BLK,TO,PTS,Avg. Total,Total
0,preciousachiuwa,MIA,PF,8.0,0.0,15.1,1.45,-2.45,0.375,-0.7,1.875,2.9,1.2000000000000002,0.825,1.1,-1.4,7.3,12.475000000000001,99.80000000000001
1,jaylenadams,MIL,PG,1.0,0.0,1.0,0.0,-0.5,0.0,-0.0,0.0,0.0,0.0,0.0,0.0,-0.0,0.0,-0.5,-0.5
2,stevenadams,NOP,C,9.0,9.0,31.1,2.2,-3.35,0.35,-0.75,4.0,5.7,3.9000000000000004,4.4,2.475,-2.1,10.3,27.125,244.125
3,bamadebayo,MIA,C,8.0,8.0,30.4,3.25,-5.05,1.1,-1.375,1.375,7.9,7.5,2.75,2.75,-3.4,17.4,34.2,273.6
4,lamarcusaldridge,SAS,C,6.0,6.0,27.8,3.1,-6.9,0.25,-0.325,1.0,3.7,3.0,1.375,2.2,-1.0,14.7,21.099999999999998,126.6
5,tyshonalexander,PHO,SG,2.0,0.0,2.5,0.0,-0.75,0.0,-0.0,0.0,0.5,0.75,0.0,0.0,-0.0,0.0,0.5,1.0
6,nickeilalexanderwalker,NOP,SG,7.0,0.0,14.7,1.5,-3.85,0.225,-0.225,0.375,1.4,2.0999999999999996,2.475,0.275,-1.3,7.9,10.875,76.125
7,graysonallen,MEM,SG,8.0,4.0,20.1,0.7,-2.45,0.325,-0.35,1.0,1.8,2.7,2.475,0.275,-0.9,5.1,10.675,85.4
8,jarrettallen,BRK,C,10.0,3.0,25.1,1.75,-2.6,1.075,-1.425,4.625,7.3,2.4000000000000004,1.65,4.4,-1.7,11.3,28.775000000000006,287.75000000000006
9,kyleanderson,MEM,PF,9.0,9.0,30.4,2.6,-6.3,0.525,-0.6,1.375,6.3,5.4,1.1,1.9249999999999998,-2.3,14.1,24.125,217.125
10,giannisantetokounmpo,MIL,PF,9.0,9.0,31.3,4.85,-9.15,1.6,-2.575,2.25,8.8,7.800000000000001,3.3,2.475,-3.3,27.1,43.150000000000006,388.35
11,kostasantetokounmpo,LAL,PF,1.0,0.0,8.0,0.0,-1.0,0.0,-0.0,0.0,4.0,0.0,0.0,5.5,-2.0,0.0,6.5,6.5
12,thanasisantetokounmpo,MIL,SF,9.0,0.0,11.6,0.6,-0.95,0.05,-0.05,1.125,1.2,1.6500000000000001,0.55,0.275,-1.1,2.8,6.15,55.35
13,carmeloanthony,POR,PF,8.0,0.0,23.9,1.8,-4.55,0.85,-0.975,0.375,3.1,1.5,1.65,0.825,-0.8,12.1,15.875,127.0
14,coleanthony,ORL,PG,10.0,2.0,23.3,1.55,-4.9,0.625,-0.7,1.375,3.2,4.949999999999999,1.375,0.55,-1.5,9.2,15.724999999999998,157.24999999999997
15,oganunoby,TOR,SF,8.0,8.0,34.5,2.05,-4.65,0.625,-0.9,1.625,4.3,2.4000000000000004,5.225,1.375,-1.6,12.3,22.75,182.0
16,ryanarcidiacono,CHI,PG,2.0,0.0,14.0,0.75,-2.25,0.375,-0.375,0.0,3.0,3.0,2.75,0.0,-0.0,5.0,12.25,24.5
17,djaugustin,MIL,PG,9.0,0.0,17.7,0.9,-2.55,0.225,-0.225,0.75,0.9,4.199999999999999,0.825,0.0,-0.9,5.8,9.924999999999997,89.32499999999997
18,deniavdija,WAS,SF,10.0,10.0,23.5,1.25,-2.8,0.125,-0.2,0.375,3.6,3.4499999999999997,3.0250000000000004,0.825,-0.5,7.1,16.25,162.5
19,deandreayton,PHO,C,10.0,10.0,30.7,2.8,-4.75,0.4,-0.625,3.625,8.8,2.8499999999999996,0.825,2.75,-1.7,12.9,27.875,278.75
21,udokaazubuike,UTA,C,4.0,0.0,4.5,0.4,-0.5,0.125,-0.25,0.375,0.5,0.0,0.825,0.825,-0.0,2.0,4.3,17.2
22,dwaynebacon,ORL,SG,10.0,10.0,24.9,1.9,-4.3,0.2,-0.275,0.375,2.7,1.5,1.1,0.275,-0.8,9.1,11.775,117.75
23,marvinbagley,SAC,PF,10.0,10.0,25.7,2.4,-5.9,0.55,-0.925,3.125,5.6,1.2000000000000002,1.1,1.375,-2.0,12.7,19.225,192.25
24,lameloball,CHO,PG,10.0,0.0,24.9,2.35,-5.4,0.45,-0.625,2.5,4.3,8.850000000000001,4.125,0.825,-2.1,12.8,28.075000000000003,280.75
25,lonzoball,NOP,PG,9.0,9.0,33.4,2.4,-6.05,0.175,-0.275,0.5,3.9,6.6000000000000005,3.0250000000000004,1.9249999999999998,-2.9,12.4,21.7,195.29999999999998
26,mobamba,ORL,C,3.0,0.0,7.3,0.85,-1.85,0.0,-0.0,0.875,2.7,0.44999999999999996,0.0,0.825,-0.3,4.0,7.550000000000001,22.650000000000002
27,desmondbane,MEM,SG,9.0,0.0,23.1,1.55,-3.55,0.15,-0.175,0.75,2.3,1.5,2.2,0.0,-1.1,8.9,12.525,112.72500000000001
28,harrisonbarnes,SAC,PF,10.0,10.0,34.4,2.95,-5.8,0.85,-1.125,1.375,5.7,4.800000000000001,1.9249999999999998,0.825,-1.4,16.7,26.799999999999997,268.0
29,rjbarrett,NYK,SG,9.0,9.0,38.8,3.15,-8.35,0.925,-1.275,1.5,6.0,4.800000000000001,3.0250000000000004,0.55,-1.6,17.3,26.025000000000006,234.22500000000005
30,willbarton,DEN,SF,9.0,5.0,28.7,2.15,-5.3,0.35,-0.525,1.0,4.0,4.35,3.0250000000000004,1.9249999999999998,-1.1,11.2,21.075000000000003,189.675
31,keitabatesdiop,SAS,SF,2.0,0.0,1.0,0.0,-0.25,0.0,-0.0,0.0,0.0,0.0,0.0,0.0,-0.0,0.0,-0.25,-0.5
32,nicolasbatum,LAC,SF,10.0,10.0,29.4,1.8,-3.6,0.375,-0.4,1.75,4.6,4.35,2.75,0.55,-0.8,10.5,21.875,218.75
33,aronbaynes,TOR,C,7.0,7.0,19.3,1.2,-3.2,0.0,-0.0,2.0,4.1,0.8999999999999999,0.275,0.0,-0.9,5.3,9.674999999999999,67.725
34,kentbazemore,GSW,SF,7.0,0.0,15.4,0.95,-1.85,0.075,-0.15,0.5,2.1,2.8499999999999996,1.65,0.825,-0.7,4.9,11.15,78.05
35,dariusbazley,OKC,PF,8.0,8.0,29.6,2.3,-5.55,0.35,-0.375,1.0,8.0,2.25,1.375,3.0250000000000004,-2.0,12.0,22.375,179.0
36,bradleybeal,WAS,SG,9.0,9.0,36.0,6.05,-12.4,2.075,-2.4,1.75,3.6,6.8999999999999995,3.575,1.9249999999999998,-3.6,35.0,42.475,382.27500000000003
37,malikbeasley,MIN,SG,9.0,9.0,32.0,3.45,-7.65,0.675,-0.75,0.875,4.1,2.8499999999999996,1.65,0.55,-1.3,18.9,23.349999999999998,210.14999999999998
38,deandre'bembry,TOR,SF,5.0,0.0,3.6,0.2,-0.4,0.0,-0.0,0.0,0.6,0.6000000000000001,0.55,0.55,-0.8,0.8,2.1,10.5
39,davisbertans,WAS,PF,10.0,0.0,24.0,1.6,-4.6,0.575,-0.7,0.75,2.6,1.9500000000000002,1.65,0.825,-0.5,11.2,15.35,153.5
40,patrickbeverley,LAC,PG,10.0,10.0,25.5,1.45,-3.3,0.225,-0.275,2.0,2.6,2.4000000000000004,2.2,1.375,-0.9,8.7,16.474999999999998,164.74999999999997
42,saddiqbey,DET,SF,8.0,3.0,22.9,1.65,-4.3,0.325,-0.45,0.5,4.5,1.35,1.65,0.0,-0.6,10.4,15.025,120.2
43,khembirch,ORL,C,10.0,0.0,19.9,1.5,-2.65,0.45,-0.5,3.125,3.5,1.35,2.75,1.1,-0.6,7.9,17.925,179.25
44,bismackbiyombo,CHO,C,10.0,9.0,26.8,1.7,-3.1,0.375,-0.75,3.625,4.2,3.1500000000000004,0.275,3.0250000000000004,-1.3,8.3,19.5,195.0
45,nemanjabjelica,SAC,PF,10.0,0.0,15.1,1.05,-2.55,0.475,-0.575,1.25,2.6,2.8499999999999996,0.0,0.55,-1.2,6.6,11.049999999999999,110.49999999999999
46,ericbledsoe,NOP,SG,9.0,9.0,29.9,2.1,-4.85,0.35,-0.5,0.75,2.7,6.449999999999999,3.0250000000000004,0.825,-2.0,11.8,20.650000000000002,185.85000000000002
47,keljinblevins,POR,SF,4.0,0.0,5.0,0.15,-0.75,0.0,-0.0,0.0,0.0,1.5,0.825,0.0,-0.8,0.5,1.425,5.7
48,bogdanbogdanovic,ATL,SG,9.0,2.0,23.7,1.65,-4.35,0.225,-0.25,0.25,3.6,3.1500000000000004,1.1,0.275,-1.2,9.9,14.350000000000001,129.15
49,bojanbogdanovic,UTA,SF,9.0,9.0,30.8,2.2,-6.1,0.35,-0.45,1.0,2.8,2.4000000000000004,0.825,0.275,-1.4,12.7,14.6,131.4
50,bolbol,DEN,PF,4.0,0.0,4.0,0.0,-0.5,0.0,-0.0,0.0,0.3,0.0,0.0,0.825,-0.0,0.0,0.625,2.5
51,marquesbolden,CLE,C,5.0,0.0,3.8,0.1,-0.2,0.25,-0.4,0.25,0.6,0.0,1.1,1.1,-0.0,1.4,4.2,21.0
52,jordanbone,ORL,PG,5.0,0.0,12.8,0.9,-1.9,0.0,-0.0,0.5,1.4,2.4000000000000004,0.0,0.0,-0.0,4.0,7.300000000000001,36.5
53,isaacbonga,WAS,SF,7.0,4.0,11.7,0.55,-0.95,0.0,-0.025,0.5,1.9,1.35,0.825,1.1,-0.4,3.0,7.85,54.949999999999996
54,devinbooker,PHO,SG,10.0,10.0,35.7,3.9,-8.1,1.05,-1.35,0.375,3.0,7.050000000000001,3.0250000000000004,0.825,-4.3,22.0,27.475,274.75
55,chrisboucher,TOR,C,8.0,0.0,20.8,2.45,-4.25,0.625,-0.875,2.375,4.1,1.5,1.65,5.775,-0.8,13.5,26.05,208.4
56,averybradley,MIA,SG,7.0,1.0,22.9,1.8,-3.65,0.25,-0.325,0.125,1.7,2.55,2.475,0.275,-0.7,10.0,14.5,101.5
57,tonybradley,PHI,C,2.0,0.0,21.0,1.75,-3.5,0.125,-0.375,5.625,7.0,1.5,1.375,4.125,-0.5,7.5,24.625,49.25
58,ignasbrazdeikis,NYK,SF,2.0,0.0,1.0,0.0,-0.25,0.25,-0.25,0.625,0.5,0.0,0.0,0.0,-0.0,1.0,1.875,3.75
59,mikalbridges,PHO,SF,10.0,10.0,33.5,2.55,-5.2,0.55,-0.625,1.625,4.1,1.7999999999999998,1.65,3.575,-0.3,15.2,24.924999999999997,249.24999999999997
60,milesbridges,CHO,PF,10.0,0.0,25.5,1.7,-3.9,0.2,-0.2,1.25,5.1,2.0999999999999996,1.65,3.0250000000000004,-1.9,9.1,18.125,181.25
61,malcolmbrogdon,IND,PG,9.0,9.0,37.4,4.4,-8.85,0.7,-0.775,0.875,3.7,10.8,4.95,0.275,-1.7,23.4,37.775,339.97499999999997
63,dillonbrooks,MEM,SF,9.0,9.0,30.0,3.35,-8.4,0.325,-0.425,2.0,2.6,4.5,4.675,0.825,-2.7,17.0,23.75,213.75
64,brucebrown,BRK,PG,6.0,3.0,12.7,0.65,-1.35,0.0,-0.05,0.25,2.5,1.5,0.55,0.55,-1.3,2.8,6.1,36.599999999999994
65,jaylenbrown,BOS,SG,10.0,10.0,34.6,5.15,-9.55,0.825,-1.075,1.5,5.0,5.25,4.675,1.9249999999999998,-2.9,26.3,37.1,371.0
66,mosesbrown,OKC,C,2.0,0.0,4.5,0.25,-0.5,0.375,-1.25,0.625,2.0,0.0,1.375,1.375,-0.0,2.5,6.75,13.5
67,sterlingbrown,HOU,SG,7.0,0.0,19.6,1.45,-2.3,0.075,-0.075,0.375,2.6,0.8999999999999999,1.65,0.0,-0.3,7.9,12.275000000000002,85.92500000000001
68,troybrownjr,WAS,SF,7.0,0.0,17.6,0.95,-2.15,0.0,-0.1,0.875,2.4,1.6500000000000001,0.825,0.275,-0.7,4.6,8.625,60.375
69,jalenbrunson,DAL,PG,8.0,1.0,19.1,2.0,-4.05,0.575,-0.625,0.0,2.5,5.25,1.375,0.0,-1.8,11.1,16.325,130.6
70,thomasbryant,WAS,C,10.0,10.0,27.1,2.95,-4.55,0.4,-0.6,2.25,4.3,2.25,1.1,2.2,-1.1,14.3,23.5,235.0
71,reggiebullock,NYK,SF,9.0,9.0,29.1,1.65,-4.35,0.1,-0.2,0.5,4.3,1.9500000000000002,1.9249999999999998,0.55,-0.9,8.7,14.225,128.025
72,treyburke,DAL,PG,8.0,0.0,18.3,1.75,-3.75,0.25,-0.275,0.0,1.3,2.7,1.375,0.825,-0.9,9.9,13.175,105.4
73,alecburks,NYK,SG,3.0,0.0,27.7,2.85,-5.35,1.5,-1.675,0.0,3.7,5.550000000000001,2.75,1.9249999999999998,-2.3,20.7,29.65,88.94999999999999
74,jimmybutler,MIA,SF,6.0,6.0,29.0,2.85,-6.4,1.125,-1.2,2.125,3.8,7.949999999999999,6.050000000000001,1.9249999999999998,-1.8,15.8,32.225,193.35000000000002
75,brunocaboclo,HOU,PF,4.0,0.0,7.3,0.75,-1.75,0.0,-0.0,0.375,2.0,0.44999999999999996,0.0,1.375,-1.0,3.0,5.2,20.8
76,kentaviouscaldwellpope,LAL,SG,6.0,6.0,23.8,1.65,-3.0,0.425,-0.45,0.375,1.2,1.9500000000000002,2.2,1.375,-0.8,10.0,14.925,89.55000000000001
77,facundocampazzo,DEN,PG,8.0,0.0,12.3,0.65,-1.5,0.325,-0.4,0.0,1.0,2.0999999999999996,1.65,0.275,-0.9,4.6,7.800000000000001,62.400000000000006
78,vlatkocancar,DEN,PF,3.0,0.0,2.3,0.0,-0.35,0.0,-0.0,0.0,0.0,0.0,0.825,0.825,-0.3,0.0,0.9999999999999998,2.999999999999999
79,clintcapela,ATL,C,7.0,7.0,26.4,2.15,-3.95,0.275,-0.675,5.0,9.1,1.9500000000000002,1.65,2.75,-1.0,9.7,26.95,188.65
80,vernoncareyjr,CHO,C,1.0,0.0,4.0,0.0,-1.0,0.0,-0.0,0.0,1.0,1.5,0.0,2.75,-0.0,0.0,4.25,4.25
81,jevoncarter,PHO,PG,10.0,0.0,12.8,0.65,-1.75,0.0,-0.0,0.125,1.6,1.35,1.9249999999999998,0.825,-0.2,3.2,7.725,77.25
82,wendellcarterjr,CHI,C,10.0,10.0,27.0,2.4,-4.55,0.75,-1.075,2.875,5.8,4.199999999999999,0.825,1.375,-1.6,12.9,23.9,239.0
84,michaelcarterwilliams,ORL,SG,7.0,2.0,22.9,1.05,-3.15,0.175,-0.225,2.625,3.0,2.55,1.65,1.65,-1.3,5.1,13.124999999999998,91.87499999999999
85,alexcaruso,LAL,PG,5.0,0.0,15.6,1.2,-2.1,0.0,-0.0,0.0,2.0,2.0999999999999996,1.65,0.0,-1.4,6.6,10.049999999999999,50.24999999999999
86,williecauleystein,DAL,C,9.0,3.0,16.0,1.0,-1.65,0.4,-0.575,1.75,3.2,1.35,0.825,1.1,-0.6,5.6,12.4,111.60000000000001
87,chrischiozza,BRK,PG,5.0,0.0,11.8,0.8,-2.8,0.2,-0.3,0.75,0.4,3.3000000000000003,1.1,1.1,-1.0,4.6,8.15,40.75
88,marquesechriss,GSW,PF,2.0,0.0,13.5,1.25,-3.5,0.25,-0.5,1.875,5.0,1.5,0.0,2.75,-1.0,6.5,14.125,28.25
89,garyclark,ORL,SF,7.0,2.0,19.9,0.45,-1.65,0.025,-0.025,1.375,2.9,0.6000000000000001,1.1,0.275,-1.0,2.6,6.65,46.550000000000004
90,brandonclarke,MEM,PF,9.0,5.0,28.1,2.65,-5.9,0.225,-0.525,2.0,4.0,2.55,1.9249999999999998,2.475,-0.8,12.2,20.799999999999997,187.2
91,jordanclarkson,UTA,SG,9.0,0.0,23.8,3.15,-6.4,0.35,-0.4,1.375,3.1,2.4000000000000004,2.75,0.825,-1.9,16.7,21.95,197.54999999999998
92,amircoffey,LAC,SG,8.0,0.0,4.6,0.25,-0.75,0.075,-0.1,0.125,0.1,0.6000000000000001,0.0,0.0,-0.0,1.5,1.8,14.4
93,johncollins,ATL,PF,9.0,9.0,28.6,3.3,-6.0,0.775,-0.975,3.375,5.1,2.4000000000000004,1.9249999999999998,2.2,-1.1,17.2,28.200000000000003,253.8
94,mikeconley,UTA,PG,9.0,9.0,30.7,3.0,-6.85,0.525,-0.7,1.0,3.2,8.55,2.475,0.275,-2.6,17.3,26.175000000000004,235.57500000000005
95,patconnaughton,MIL,SG,7.0,0.0,16.3,1.05,-2.35,0.075,-0.075,0.5,3.1,1.6500000000000001,1.1,0.825,-0.1,6.3,12.075,84.52499999999999
96,quinncook,LAL,PG,6.0,0.0,2.8,0.35,-0.65,0.125,-0.125,0.0,0.2,0.44999999999999996,0.0,0.0,-0.0,2.2,2.55,15.299999999999999
97,demarcuscousins,HOU,C,5.0,1.0,13.6,0.9,-3.1,0.45,-0.65,1.0,5.0,2.4000000000000004,1.65,4.4,-1.0,5.8,16.85,84.25
98,robertcovington,POR,PF,9.0,9.0,30.4,1.1,-2.95,0.15,-0.175,0.375,5.4,2.8499999999999996,3.8499999999999996,1.1,-1.0,6.6,17.299999999999997,155.7
99,torreycraig,MIL,SF,2.0,0.0,6.5,0.0,-0.25,0.0,-0.0,0.0,2.0,1.5,0.0,1.375,-0.5,0.0,4.125,8.25
100,jaecrowder,PHO,PF,10.0,10.0,28.6,1.75,-4.2,0.3,-0.35,0.375,4.5,3.4499999999999997,1.65,0.275,-0.7,10.7,17.75,177.5
101,jarrettculver,MIN,SG,9.0,6.0,24.1,1.7,-3.8,0.275,-0.475,2.875,4.0,1.35,1.9249999999999998,0.55,-1.6,8.6,15.4,138.6
102,sethcurry,PHI,SG,8.0,8.0,30.0,2.95,-4.9,0.525,-0.525,0.125,2.1,5.4,2.2,1.1,-1.5,17.0,24.475,195.8
103,stephencurry,GSW,PG,9.0,9.0,33.6,4.85,-10.55,1.675,-1.75,0.75,4.2,10.2,3.3,0.55,-3.0,30.6,40.825,367.425
105,anthonydavis,LAL,PF,8.0,8.0,33.4,4.55,-8.65,0.65,-0.975,2.25,7.4,5.25,4.125,3.8499999999999996,-2.4,22.4,38.449999999999996,307.59999999999997
106,eddavis,MIN,C,7.0,3.0,13.3,0.35,-1.3,0.1,-0.15,3.0,3.0,1.35,0.275,1.65,-0.3,1.9,9.875,69.125
107,terencedavis,TOR,SG,5.0,0.0,12.6,1.5,-2.8,0.2,-0.2,0.25,1.4,2.0999999999999996,0.55,0.55,-1.2,8.2,10.549999999999997,52.749999999999986
108,demarderozan,SAS,SF,9.0,9.0,34.4,3.6,-7.4,1.45,-1.675,0.875,4.9,10.5,2.475,1.9249999999999998,-1.3,21.2,36.55,328.95
109,hamidoudiallo,OKC,SG,8.0,0.0,20.6,2.05,-3.95,0.5,-0.85,1.375,4.4,2.25,2.475,1.1,-1.3,10.5,18.549999999999997,148.39999999999998
110,gorguidieng,MEM,C,9.0,0.0,17.0,1.55,-3.0,0.2,-0.2,1.5,3.3,2.4000000000000004,2.75,1.65,-1.1,8.1,17.15,154.35
111,spencerdinwiddie,BRK,SG,3.0,3.0,21.3,1.0,-2.65,0.5,-0.5,0.0,4.3,4.5,1.9249999999999998,0.825,-1.7,6.7,14.899999999999999,44.699999999999996
112,dontedivincenzo,MIL,SG,10.0,10.0,24.8,2.05,-4.5,0.15,-0.2,1.125,2.7,3.75,4.4,0.825,-1.4,11.2,20.1,201.0
113,lukadoncic,DAL,PG,8.0,8.0,34.0,4.55,-10.15,1.7,-2.15,1.0,8.5,12.450000000000001,3.0250000000000004,1.65,-4.5,26.6,42.675,341.4
114,luguentzdort,OKC,SG,8.0,8.0,28.3,2.15,-4.55,0.475,-0.6,1.125,2.6,1.5,2.2,1.1,-1.0,12.4,17.4,139.2
115,damyeandotson,CLE,SG,9.0,3.0,23.4,1.5,-3.5,0.175,-0.25,0.125,1.1,3.9000000000000004,2.2,0.275,-0.7,7.8,12.625,113.625
116,devondotson,CHI,PG,1.0,0.0,10.0,1.0,-2.0,0.0,-0.0,0.0,1.0,0.0,0.0,0.0,-0.0,4.0,4.0,4.0
117,sekoudoumbouya,DET,PF,9.0,0.0,12.2,0.8,-2.3,0.175,-0.2,0.875,2.0,0.8999999999999999,1.1,0.55,-0.1,4.6,8.4,75.60000000000001
118,pjdozier,DEN,SG,9.0,0.0,19.4,1.15,-2.8,0.2,-0.25,1.5,3.2,1.35,0.55,2.2,-0.9,6.1,12.3,110.7
119,gorandragic,MIA,PG,8.0,0.0,23.5,2.65,-5.2,0.625,-0.725,0.625,1.8,7.5,1.65,0.0,-2.8,14.8,20.925,167.4
120,andredrummond,CLE,C,10.0,10.0,31.3,3.8,-8.2,0.675,-1.225,5.125,11.1,4.35,4.675,4.125,-3.9,17.9,38.425,384.25
121,jareddudley,LAL,PF,6.0,0.0,3.7,0.1,-0.1,0.0,-0.0,0.25,0.8,0.30000000000000004,0.0,0.0,-0.0,0.5,1.85,11.100000000000001
122,kevindurant,BRK,PF,6.0,6.0,34.2,4.5,-8.75,1.925,-2.175,0.625,6.5,7.199999999999999,3.3,2.2,-3.5,28.2,40.025,240.14999999999998
123,anthonyedwards,MIN,SG,9.0,0.0,26.3,2.9,-7.0,0.45,-0.575,1.0,1.8,3.1500000000000004,1.9249999999999998,0.55,-2.0,15.1,17.3,155.70000000000002
124,carsenedwards,BOS,SG,4.0,0.0,7.3,0.75,-1.9,0.0,-0.0,0.375,0.5,0.75,0.0,0.825,-0.3,3.3,4.3,17.2
126,cjelleby,POR,SF,5.0,0.0,5.8,0.4,-0.7,0.1,-0.15,0.25,0.2,0.6000000000000001,0.0,0.55,-0.2,2.2,3.2500000000000004,16.250000000000004
127,wayneellington,DET,SG,4.0,2.0,17.3,1.75,-3.25,0.075,-0.075,0.625,1.5,0.75,1.375,0.825,-0.3,9.0,12.275,49.1
128,joelembiid,PHI,C,8.0,8.0,32.3,3.95,-7.5,1.875,-2.25,2.25,10.0,4.949999999999999,3.0250000000000004,4.95,-3.1,24.6,42.75,342.0
129,jamesennis,ORL,SF,3.0,2.0,19.0,1.0,-2.5,0.325,-0.325,1.25,1.3,1.9500000000000002,3.575,0.0,-1.3,5.3,10.575,31.724999999999998
130,dreweubanks,SAS,PF,3.0,0.0,19.3,0.5,-2.15,0.25,-0.325,0.375,4.0,0.44999999999999996,0.825,5.5,-0.3,3.0,12.125,36.375
131,danteexum,CLE,SG,6.0,3.0,19.3,0.85,-2.15,0.05,-0.075,0.375,2.5,3.3000000000000003,1.9249999999999998,0.825,-1.2,3.8,10.2,61.199999999999996
132,tackofall,BOS,C,2.0,0.0,12.5,0.5,-1.0,0.25,-0.5,2.5,2.5,0.0,0.0,6.875,-0.0,3.0,14.125,28.25
133,derrickfavors,UTA,C,9.0,0.0,16.3,1.45,-2.3,0.25,-0.4,2.25,3.7,1.9500000000000002,0.55,3.0250000000000004,-0.4,6.8,16.875,151.875
134,cristianofelicio,CHI,C,1.0,0.0,6.0,0.0,-0.5,0.0,-0.5,2.5,1.0,3.0,0.0,0.0,-0.0,0.0,5.5,5.5
135,terranceferguson,PHI,SG,4.0,0.0,3.8,0.0,-0.4,0.0,-0.0,0.0,0.3,0.44999999999999996,0.0,0.0,-0.0,0.0,0.35,1.4
136,brunofernando,ATL,C,6.0,0.0,10.8,0.35,-0.75,0.075,-0.125,1.625,3.8,1.0499999999999998,0.825,0.55,-1.2,1.7,7.8999999999999995,47.4
137,dorianfinneysmith,DAL,PF,8.0,8.0,29.4,1.7,-4.05,0.2,-0.225,1.75,3.6,1.5,3.8499999999999996,1.65,-0.5,9.3,18.775,150.2
138,malachiflynn,TOR,PG,5.0,0.0,8.0,0.5,-1.7,0.0,-0.0,0.0,1.0,0.8999999999999999,0.55,0.0,-0.2,2.4,3.45,17.25
139,brynforbes,MIL,SG,10.0,0.0,17.2,1.35,-3.1,0.075,-0.175,0.125,0.9,0.30000000000000004,0.55,0.0,-1.0,7.1,6.125,61.25
140,trentforrest,UTA,PG,2.0,0.0,4.5,0.0,-0.0,0.25,-0.25,0.0,0.0,0.75,1.375,0.0,-0.0,1.0,3.125,6.25
141,evanfournier,ORL,SF,5.0,5.0,25.4,2.3,-4.5,1.0,-1.15,0.5,1.2,3.0,3.8499999999999996,0.0,-1.8,14.8,19.2,96.0
142,de'aaronfox,SAC,PG,10.0,10.0,29.3,3.2,-7.1,1.075,-1.525,0.75,1.9,7.5,4.125,2.2,-2.9,18.0,27.225,272.25
143,timfrazier,MEM,PG,1.0,0.0,10.0,1.0,-1.0,0.0,-0.0,0.0,1.0,4.5,0.0,0.0,-2.0,4.0,7.5,7.5
144,markellefultz,ORL,PG,8.0,8.0,26.9,2.55,-6.5,0.525,-0.6,0.75,2.5,8.100000000000001,2.75,0.825,-2.3,12.9,21.5,172.0
145,danielgafford,CHI,PF,9.0,0.0,14.2,1.0,-1.4,0.35,-0.55,1.375,1.2,1.0499999999999998,1.9249999999999998,2.75,-0.4,5.4,12.7,114.3
147,danilogallinari,ATL,PF,2.0,1.0,14.0,1.5,-2.0,0.5,-0.5,0.0,2.5,2.25,0.0,0.0,-1.5,9.0,11.75,23.5
148,langstongalloway,PHO,SG,10.0,0.0,9.1,0.85,-1.7,0.125,-0.125,0.125,0.7,0.6000000000000001,0.0,0.0,-0.2,5.2,5.575,55.75
149,dariusgarland,CLE,PG,6.0,6.0,35.8,3.35,-7.35,0.325,-0.375,0.625,2.8,9.45,3.575,0.825,-3.0,17.2,27.424999999999997,164.54999999999998
150,marcgasol,LAL,C,10.0,10.0,18.7,0.65,-1.25,0.325,-0.375,1.5,4.0,3.0,0.825,4.125,-1.3,4.3,15.799999999999997,157.99999999999997
151,rudygay,SAS,PF,9.0,0.0,23.9,2.45,-5.6,0.225,-0.3,1.0,4.1,2.4000000000000004,1.65,2.75,-1.0,12.6,20.275,182.475
152,paulgeorge,LAC,SF,9.0,9.0,34.2,4.1,-8.1,1.025,-1.075,0.75,5.7,7.5,3.8499999999999996,1.65,-4.2,24.7,35.9,323.09999999999997
153,harrygiles,POR,C,6.0,0.0,7.8,0.5,-1.15,0.075,-0.175,0.25,2.7,1.0499999999999998,0.55,2.2,-0.8,2.7,7.9,47.400000000000006
154,shaigilgeousalexander,OKC,SG,8.0,8.0,33.3,3.5,-7.75,0.95,-1.25,1.125,4.4,10.2,2.75,1.375,-3.0,19.8,32.1,256.8
155,anthonygill,WAS,PF,3.0,0.0,3.7,0.15,-0.15,0.0,-0.0,0.0,0.3,0.0,0.825,0.0,-0.0,1.0,2.125,6.375
156,rudygobert,UTA,C,9.0,9.0,30.6,2.7,-4.55,0.6,-1.175,4.0,9.9,2.55,1.65,7.425000000000001,-1.6,13.3,34.8,313.2
157,brandongoodwin,ATL,PG,7.0,0.0,13.7,0.85,-2.35,0.075,-0.15,0.125,1.0,3.0,1.1,0.0,-0.4,4.4,7.65,53.550000000000004
158,aarongordon,ORL,PF,9.0,9.0,26.3,2.6,-5.55,0.575,-0.975,1.5,5.6,3.3000000000000003,2.475,1.65,-1.8,14.1,23.475,211.275
159,ericgordon,HOU,SG,5.0,1.0,27.4,2.7,-6.2,0.8,-0.8,0.5,2.2,2.4000000000000004,3.3,2.75,-1.4,16.6,22.85,114.25
160,devonte'graham,CHO,PG,10.0,10.0,32.3,1.6,-5.95,0.55,-0.675,0.75,3.0,9.75,3.8499999999999996,0.0,-1.1,10.9,22.675000000000004,226.75000000000006
161,jeramigrant,DET,SF,9.0,9.0,36.9,4.3,-9.2,1.25,-1.45,1.625,5.1,2.55,2.2,3.3,-1.3,24.8,33.175,298.575
162,dannygreen,PHI,SF,10.0,10.0,25.8,1.45,-3.7,0.125,-0.2,1.125,2.0,3.5999999999999996,3.8499999999999996,1.65,-1.4,8.3,16.8,168.0
163,draymondgreen,GSW,PF,5.0,5.0,25.8,0.4,-1.5,0.25,-0.35,0.25,4.0,7.800000000000001,4.4,0.55,-1.6,2.8,17.000000000000004,85.00000000000001
164,jamychalgreen,DEN,PF,5.0,0.0,19.8,2.1,-4.2,0.35,-0.5,1.75,4.6,2.0999999999999996,1.65,0.0,-2.6,12.2,17.45,87.25
165,javontegreen,BOS,SG,3.0,0.0,14.3,1.0,-1.85,0.25,-0.425,1.625,1.3,1.0499999999999998,1.9249999999999998,0.0,-0.7,5.3,9.474999999999998,28.424999999999994
166,jeffgreen,BRK,PF,10.0,3.0,18.9,1.05,-1.75,0.125,-0.175,0.375,2.2,1.6500000000000001,1.1,0.55,-0.5,5.6,10.225,102.25
168,joshgreen,DAL,SG,7.0,1.0,6.9,0.15,-0.35,0.075,-0.075,0.375,0.9,0.44999999999999996,0.0,0.0,-0.3,0.9,2.125,14.875
169,blakegriffin,DET,PF,6.0,6.0,32.0,2.35,-6.1,0.7,-0.95,0.375,5.3,5.699999999999999,3.3,0.0,-1.3,14.5,23.875,143.25
170,kyleguy,SAC,PG,4.0,0.0,8.5,0.5,-1.75,0.325,-0.375,0.0,1.3,2.7,0.825,0.0,-0.0,3.8,7.325,29.3
171,ruihachimura,WAS,PF,6.0,6.0,27.5,2.6,-5.1,0.8,-1.05,1.25,2.8,3.3000000000000003,1.9249999999999998,0.0,-0.8,14.2,19.924999999999997,119.54999999999998
172,tyresehaliburton,SAC,PG,8.0,1.0,28.6,2.2,-4.2,0.25,-0.275,1.125,1.8,8.25,3.8499999999999996,1.375,-1.0,12.1,25.474999999999998,203.79999999999998
173,joshhall,OKC,SF,3.0,0.0,6.0,0.15,-1.35,0.0,-0.175,0.375,1.0,1.0499999999999998,0.0,0.0,-0.3,1.0,1.7499999999999996,5.249999999999998
174,rjhampton,DEN,PG,6.0,0.0,2.2,0.15,-0.35,0.0,-0.0,0.25,0.2,0.0,0.0,0.0,-0.2,0.7,0.75,4.5
175,timhardawayjr,DAL,SG,9.0,7.0,30.3,3.15,-6.9,0.475,-0.75,0.125,3.9,3.3000000000000003,1.9249999999999998,0.55,-1.3,18.4,22.875,205.875
176,jamesharden,HOU,SG,6.0,6.0,36.8,4.0,-8.75,1.825,-2.075,0.625,4.2,16.950000000000003,2.75,1.9249999999999998,-4.0,27.0,44.45,266.70000000000005
177,mauriceharkless,MIA,SF,6.0,2.0,8.2,0.1,-0.5,0.0,-0.075,0.0,0.8,0.30000000000000004,0.0,0.0,-0.3,0.5,0.825,4.949999999999999
178,jaredharper,NYK,PG,2.0,0.0,2.5,0.0,-0.25,0.25,-0.25,0.0,0.0,0.0,0.0,0.0,-1.0,1.0,-0.25,-0.5
179,montrezlharrell,LAL,C,10.0,0.0,24.3,2.6,-4.3,0.55,-0.75,4.0,4.8,1.6500000000000001,1.65,0.825,-1.3,12.6,22.325,223.25
180,garyharris,DEN,SG,9.0,9.0,31.8,2.0,-4.5,0.3,-0.425,0.5,1.8,2.0999999999999996,2.475,0.55,-0.9,10.2,14.099999999999998,126.89999999999998
181,jalenharris,TOR,SG,1.0,0.0,2.0,0.0,-0.0,0.0,-0.0,0.0,0.0,0.0,0.0,0.0,-0.0,0.0,0.0,0.0
182,joeharris,BRK,SF,10.0,7.0,28.8,2.85,-5.3,0.1,-0.2,1.25,2.7,2.7,1.65,1.1,-1.0,14.8,20.650000000000002,206.50000000000003
183,tobiasharris,PHI,PF,9.0,9.0,32.9,3.8,-7.45,0.4,-0.475,1.75,6.4,4.65,3.0250000000000004,2.75,-2.2,19.0,31.650000000000002,284.85
184,shaquilleharrison,UTA,SG,4.0,0.0,4.3,0.5,-0.75,0.075,-0.125,0.0,0.3,0.44999999999999996,0.825,0.0,-0.3,2.3,3.2749999999999995,13.099999999999998
185,joshhart,NOP,SF,9.0,0.0,28.1,1.35,-3.15,0.425,-0.575,1.25,7.4,1.7999999999999998,2.75,0.275,-0.9,8.4,19.025,171.225
186,isaiahhartenstein,DEN,C,7.0,0.0,9.4,1.0,-1.95,0.175,-0.35,2.5,1.4,0.6000000000000001,1.1,2.475,-1.0,4.7,10.649999999999999,74.54999999999998
187,jaxsonhayes,NOP,C,9.0,0.0,11.1,0.5,-0.95,0.2,-0.25,1.375,2.4,0.8999999999999999,0.55,1.65,-0.7,2.8,8.475,76.27499999999999
189,killianhayes,DET,PG,7.0,7.0,21.1,0.95,-3.35,0.025,-0.075,0.125,1.0,5.4,0.825,0.0,-2.4,4.6,7.1,49.699999999999996
190,gordonhayward,CHO,SF,10.0,10.0,34.8,4.05,-8.3,0.775,-0.85,0.75,4.8,6.1499999999999995,4.125,0.825,-2.2,21.4,31.524999999999995,315.24999999999994
191,juanhernangomez,MIN,PF,9.0,4.0,18.7,1.3,-3.1,0.15,-0.225,1.125,3.8,0.6000000000000001,1.65,0.55,-0.4,6.8,12.25,110.25
192,willyhernangomez,NOP,C,1.0,0.0,7.0,0.0,-0.5,0.25,-1.0,0.0,4.0,1.5,0.0,0.0,-0.0,1.0,5.25,5.25
193,tylerherro,MIA,SG,8.0,8.0,33.3,3.0,-6.3,0.525,-0.725,0.125,6.6,5.85,1.1,0.0,-2.4,15.6,23.375,187.0
194,buddyhield,SAC,SG,10.0,10.0,34.3,2.45,-7.05,0.325,-0.4,0.375,3.9,4.050000000000001,1.65,1.1,-1.8,14.4,19.000000000000004,190.00000000000003
195,georgehill,OKC,PG,7.0,7.0,25.4,2.05,-4.2,0.35,-0.425,1.125,1.3,5.4,2.475,0.825,-0.9,11.6,19.599999999999998,137.2
196,solomonhill,ATL,PF,9.0,0.0,17.1,0.85,-2.3,0.075,-0.075,0.5,1.9,1.0499999999999998,1.65,1.1,-0.7,5.1,9.149999999999999,82.35
197,natehinton,DAL,SG,1.0,0.0,0.0,0.0,-0.5,0.0,-0.0,0.0,0.0,0.0,0.0,0.0,-0.0,0.0,-0.5,-0.5
198,aaronholiday,IND,PG,9.0,6.0,21.3,1.1,-3.0,0.025,-0.05,0.375,1.2,2.4000000000000004,2.2,0.55,-0.8,5.4,9.400000000000002,84.60000000000002
199,jrueholiday,MIL,PG,10.0,10.0,31.2,2.95,-6.0,0.35,-0.425,1.25,3.3,7.800000000000001,5.775,1.65,-1.4,15.0,30.25,302.5
200,justinholiday,IND,SG,9.0,0.0,29.3,2.0,-3.7,0.35,-0.475,0.875,3.0,1.7999999999999998,3.3,0.825,-1.0,11.2,18.174999999999997,163.575
201,richaunholmes,SAC,C,9.0,9.0,27.2,2.8,-4.0,0.45,-0.525,3.375,4.8,2.4000000000000004,3.0250000000000004,2.75,-1.2,12.9,26.775000000000002,240.97500000000002
202,rodneyhood,POR,SF,7.0,0.0,13.9,0.35,-1.8,0.0,-0.0,0.0,1.4,2.8499999999999996,1.9249999999999998,0.275,-0.7,1.9,6.199999999999999,43.39999999999999
203,alhorford,OKC,C,7.0,7.0,26.7,1.95,-4.85,0.025,-0.1,0.875,6.6,3.4499999999999997,0.825,1.9249999999999998,-0.9,9.7,19.5,136.5
204,talenhortontucker,LAL,SG,9.0,0.0,16.6,1.35,-3.1,0.275,-0.3,0.375,2.0,2.55,1.9249999999999998,1.9249999999999998,-0.7,7.1,13.399999999999999,120.6
205,danuelhouse,HOU,SF,4.0,4.0,32.5,1.25,-3.4,0.45,-0.625,0.375,4.3,3.4499999999999997,0.825,0.825,-0.3,7.5,14.65,58.6
206,dwighthoward,PHI,C,10.0,2.0,14.7,1.3,-1.85,0.25,-0.45,2.375,4.9,1.0499999999999998,0.55,1.65,-2.1,6.4,14.075000000000001,140.75
207,markushoward,DEN,SG,4.0,0.0,1.0,0.0,-0.25,0.0,-0.0,0.0,0.0,0.0,0.0,0.0,-0.0,0.0,-0.25,-1.0
208,kevinhuerter,ATL,SG,9.0,0.0,27.4,2.3,-5.3,0.175,-0.2,1.25,2.4,5.4,3.0250000000000004,0.275,-1.1,12.2,20.425,183.82500000000002
210,elijahhughes,UTA,SF,4.0,0.0,4.3,0.25,-1.25,0.2,-0.25,0.0,0.8,0.75,0.825,0.825,-0.5,2.0,3.65,14.6
211,de'andrehunter,ATL,SF,9.0,9.0,32.6,2.95,-5.8,0.65,-0.75,1.375,5.7,3.3000000000000003,1.65,1.9249999999999998,-1.0,16.4,26.4,237.6
212,chandlerhutchison,CHI,SF,4.0,0.0,13.0,0.65,-2.0,0.125,-0.125,0.375,4.0,1.5,0.825,0.0,-0.8,3.3,7.85,31.4
213,sergeibaka,LAC,C,10.0,10.0,25.5,2.5,-5.0,0.325,-0.425,2.0,5.4,2.4000000000000004,0.825,3.3,-1.2,12.5,22.625,226.25
214,andreiguodala,MIA,SF,7.0,2.0,17.9,0.7,-2.0,0.0,-0.0,0.375,2.6,1.9500000000000002,1.65,1.1,-1.0,4.3,9.675,67.72500000000001
215,joeingles,UTA,SF,8.0,0.0,26.3,1.9,-4.0,0.2,-0.225,0.75,3.4,5.1,1.1,0.275,-1.9,10.0,16.6,132.8
216,brandoningram,NOP,SF,9.0,9.0,34.7,4.0,-8.9,1.45,-1.7,1.125,6.2,8.7,1.9249999999999998,2.2,-2.7,24.0,36.3,326.7
217,kyrieirving,BRK,PG,7.0,7.0,33.0,5.05,-10.05,0.775,-0.775,0.875,4.6,9.149999999999999,4.4,0.825,-2.1,27.1,39.85,278.95
218,wesleyiwundu,DAL,SF,5.0,0.0,10.6,0.6,-1.2,0.05,-0.1,0.25,1.4,0.30000000000000004,1.65,0.0,-0.4,2.8,5.35,26.75
219,frankjackson,DET,PG,1.0,0.0,10.0,0.5,-2.0,0.0,-0.0,0.0,0.0,1.5,2.75,0.0,-1.0,3.0,4.75,4.75
220,joshjackson,DET,SG,7.0,5.0,23.3,2.8,-6.15,0.35,-0.525,0.75,3.6,2.55,2.75,1.65,-1.6,14.0,20.174999999999997,141.22499999999997
221,justinjackson,OKC,SF,2.0,1.0,24.0,1.25,-3.25,0.5,-0.5,0.625,4.0,2.25,1.375,0.0,-2.5,7.0,10.75,21.5
222,reggiejackson,LAC,SG,10.0,0.0,13.5,1.1,-2.35,0.05,-0.125,0.125,1.4,3.0,1.1,0.275,-0.5,5.6,9.675,96.75
223,justinjames,SAC,SF,4.0,0.0,7.3,0.4,-1.15,0.075,-0.45,0.375,1.0,1.2000000000000002,0.825,0.0,-0.0,1.8,4.075,16.3
224,lebronjames,LAL,PG,10.0,10.0,32.8,4.5,-9.25,1.1,-1.5,1.0,7.6,11.7,2.475,0.825,-3.7,24.6,39.35,393.5
225,isaiahjoe,PHI,SG,5.0,1.0,14.4,0.5,-2.5,0.1,-0.1,0.75,1.2,1.7999999999999998,1.1,0.55,-0.4,3.0,6.0,30.0
226,cameronjohnson,PHO,PF,10.0,0.0,23.6,2.3,-4.75,0.3,-0.3,0.375,2.8,2.0999999999999996,1.65,1.65,-0.5,13.1,18.724999999999998,187.24999999999997
227,jamesjohnson,DAL,PF,9.0,0.0,16.1,0.9,-2.2,0.225,-0.4,0.5,2.8,3.0,3.8499999999999996,0.825,-1.0,5.0,13.499999999999998,121.49999999999999
228,keldonjohnson,SAS,SF,9.0,9.0,31.2,2.6,-5.8,0.575,-0.7,2.25,5.7,4.050000000000001,3.3,1.65,-1.8,14.2,26.025,234.225
229,stanleyjohnson,TOR,PF,6.0,0.0,12.3,0.25,-1.1,0.0,-0.0,1.0,2.3,1.5,2.75,0.55,-0.5,1.2,7.949999999999999,47.699999999999996
231,tylerjohnson,BRK,SG,4.0,0.0,7.5,0.4,-0.9,0.0,-0.0,0.375,0.3,2.7,2.2,0.0,-0.0,2.3,7.375,29.5
232,nikolajokic,DEN,C,9.0,9.0,35.7,4.55,-7.8,1.275,-1.6,3.375,8.7,16.5,3.575,1.1,-4.8,24.7,49.575,446.175
233,damianjones,PHO,C,4.0,0.0,7.5,0.15,-0.4,0.0,-0.0,1.0,0.8,0.0,0.825,1.375,-0.5,0.5,3.75,15.0
234,derrickjonesjr,POR,SF,9.0,9.0,28.2,1.15,-3.0,0.3,-0.55,1.375,2.4,1.2000000000000002,3.575,1.9249999999999998,-0.7,6.7,14.375,129.375
235,masonjones,HOU,SG,1.0,0.0,7.0,0.5,-1.5,0.0,-0.0,1.25,0.0,3.0,0.0,0.0,-1.0,2.0,4.25,4.25
236,trejones,SAS,PG,3.0,0.0,3.3,0.65,-1.15,0.25,-0.25,1.25,0.0,0.44999999999999996,0.0,0.0,-0.0,3.7,4.9,14.700000000000001
237,tyusjones,MEM,PG,9.0,6.0,26.3,1.7,-4.15,0.075,-0.15,0.25,2.3,8.100000000000001,3.8499999999999996,0.825,-1.0,7.8,19.599999999999998,176.39999999999998
238,deandrejordan,BRK,C,10.0,7.0,17.8,0.85,-1.15,0.175,-0.375,1.75,5.6,2.8499999999999996,0.55,3.575,-1.9,4.1,16.025,160.25
239,coryjoseph,SAC,PG,10.0,0.0,23.2,1.4,-3.35,0.375,-0.475,0.5,2.1,3.75,1.9249999999999998,1.375,-1.2,7.8,14.2,142.0
240,mfiondukabengele,LAC,PF,7.0,0.0,4.7,0.05,-0.65,0.075,-0.075,0.0,0.6,0.44999999999999996,0.825,0.275,-0.3,0.7,1.9499999999999997,13.649999999999999
241,frankkaminsky,PHO,C,5.0,0.0,8.0,0.7,-1.8,0.1,-0.2,1.25,0.8,1.2000000000000002,0.0,0.55,-0.2,3.4,5.799999999999999,28.999999999999993
242,eneskanter,POR,C,9.0,0.0,19.4,2.2,-3.4,0.5,-0.6,4.625,6.0,0.6000000000000001,1.1,0.825,-1.0,10.9,21.75,195.75
243,lukekennard,LAC,SG,10.0,3.0,23.4,1.55,-3.3,0.2,-0.225,0.25,2.8,2.55,0.825,0.55,-1.5,8.5,12.2,122.0
244,maxikleber,DAL,PF,9.0,3.0,24.3,1.0,-2.3,0.425,-0.45,1.0,4.6,1.9500000000000002,0.825,2.475,-0.7,7.4,16.225,146.025
245,nathanknight,ATL,PF,5.0,0.0,3.8,0.4,-0.8,0.2,-0.25,1.0,0.6,0.0,0.0,0.55,-0.6,2.8,3.9,19.5
246,kevinknox,NYK,SF,9.0,0.0,21.4,1.3,-3.05,0.1,-0.175,0.75,2.2,1.5,1.1,1.65,-1.0,6.9,11.275000000000002,101.47500000000002
247,johnkonchar,MEM,SG,5.0,0.0,19.6,1.0,-2.3,0.3,-0.3,1.25,3.6,4.199999999999999,3.8499999999999996,1.1,-0.2,5.8,18.299999999999997,91.49999999999999
248,furkankorkmaz,PHI,SG,3.0,0.0,18.3,1.0,-4.0,0.175,-0.175,0.0,2.0,1.5,1.9249999999999998,1.9249999999999998,-2.0,6.0,8.35,25.049999999999997
249,lukekornet,CHI,PF,1.0,0.0,7.0,0.0,-1.0,0.5,-0.5,0.0,1.0,0.0,2.75,0.0,-1.0,2.0,3.75,3.75
250,rodionskurucs,BRK,PF,4.0,0.0,3.5,0.15,-0.4,0.0,-0.0,0.0,0.8,0.0,0.0,0.0,-0.0,0.8,1.35,5.4
252,kylekuzma,LAL,SF,10.0,4.0,25.6,2.1,-4.8,0.1,-0.15,1.25,3.0,1.7999999999999998,0.55,2.2,-1.5,10.6,15.15,151.5
253,zachlavine,CHI,SG,10.0,10.0,34.5,4.6,-9.6,1.25,-1.425,0.375,4.6,6.6000000000000005,3.8499999999999996,1.9249999999999998,-4.0,26.0,34.175,341.75
254,jakelayman,MIN,SF,9.0,3.0,14.1,0.8,-1.8,0.35,-0.425,0.0,0.8,1.0499999999999998,2.2,1.1,-0.4,4.8,8.475,76.27499999999999
255,jalenlecque,IND,PG,2.0,0.0,2.0,0.25,-0.5,0.125,-0.125,0.625,1.0,0.75,0.0,0.0,-0.0,1.5,3.625,7.25
256,damionlee,GSW,SG,9.0,0.0,18.7,1.0,-2.15,0.175,-0.2,0.75,3.1,2.4000000000000004,1.9249999999999998,0.0,-0.2,6.4,13.200000000000001,118.80000000000001
257,sabenlee,DET,PG,1.0,0.0,12.0,0.5,-2.5,0.5,-1.0,1.25,0.0,1.5,5.5,0.0,-3.0,4.0,6.75,6.75
258,alexlen,TOR,C,6.0,1.0,11.0,0.4,-0.75,0.125,-0.25,0.0,1.8,0.75,0.0,2.2,-1.2,2.7,5.775,34.650000000000006
259,kawhileonard,LAC,SF,8.0,8.0,34.3,4.15,-9.25,1.275,-1.5,1.625,4.0,8.850000000000001,5.225,2.75,-2.0,23.1,38.22500000000001,305.80000000000007
260,meyersleonard,MIA,C,3.0,2.0,9.7,0.5,-1.15,0.075,-0.175,0.0,2.3,1.0499999999999998,0.0,0.0,-0.7,3.3,5.199999999999999,15.599999999999998
261,carislevert,BRK,SG,10.0,3.0,27.2,3.55,-8.4,0.525,-0.7,0.75,3.7,9.0,3.575,1.65,-2.3,18.1,29.45,294.5
262,kiralewisjr,NOP,PG,2.0,0.0,6.5,0.5,-1.75,0.0,-0.0,0.0,0.0,0.75,1.375,0.0,-0.0,2.0,2.875,5.75
263,damianlillard,POR,PG,9.0,9.0,34.4,4.05,-9.4,1.6,-1.775,0.25,4.4,9.899999999999999,2.475,0.55,-2.4,26.4,36.05,324.45
264,nassirlittle,POR,PF,2.0,0.0,6.5,0.5,-0.75,0.0,-0.0,0.625,1.0,0.0,0.0,1.375,-0.5,2.5,4.75,9.5
265,kevonlooney,GSW,C,9.0,0.0,14.1,0.9,-1.4,0.2,-0.25,1.25,2.0,2.55,1.1,0.275,-1.0,4.3,9.925,89.325
266,brooklopez,MIL,C,10.0,10.0,25.5,1.7,-3.95,0.225,-0.25,1.875,2.9,1.0499999999999998,1.375,4.125,-0.7,9.5,17.85,178.5
267,robinlopez,WAS,C,10.0,0.0,15.2,1.15,-1.95,0.3,-0.5,1.625,2.2,0.6000000000000001,0.275,1.65,-0.7,6.0,10.649999999999999,106.49999999999999
268,kevinlove,CLE,PF,2.0,2.0,23.0,1.5,-4.5,0.5,-0.625,1.25,5.0,3.75,1.375,0.0,-1.5,9.5,16.25,32.5
269,kylelowry,TOR,PG,7.0,7.0,37.0,3.05,-7.05,1.075,-1.175,1.25,4.1,11.100000000000001,3.575,0.0,-3.3,19.4,32.025,224.17499999999998
270,timotheluwawucabarrot,BRK,SF,10.0,4.0,20.0,1.5,-3.6,0.2,-0.2,0.5,2.0,1.5,1.65,0.55,-1.0,8.3,11.400000000000002,114.00000000000003
271,treylyles,SAS,PF,4.0,0.0,7.5,0.25,-0.75,0.0,-0.075,0.625,2.5,0.44999999999999996,0.0,0.0,-0.0,1.3,4.3,17.2
273,thonmaker,CLE,C,7.0,0.0,9.6,0.5,-0.95,0.25,-0.275,1.25,1.3,0.8999999999999999,0.275,1.1,-0.4,3.0,6.949999999999999,48.64999999999999
274,theomaledon,OKC,PG,8.0,0.0,20.6,1.2,-3.0,0.15,-0.275,0.125,2.0,4.199999999999999,1.65,0.0,-2.1,6.5,10.45,83.6
275,karimmane,ORL,PG,4.0,0.0,11.8,0.0,-0.9,0.25,-0.25,0.0,2.3,0.44999999999999996,0.0,0.825,-0.8,1.0,2.875,11.5
276,terancemann,LAC,SG,9.0,0.0,8.8,0.4,-1.15,0.0,-0.0,0.5,1.4,0.8999999999999999,0.0,0.55,-0.4,1.6,3.8,34.199999999999996
277,nicomannion,GSW,PG,1.0,0.0,8.0,0.0,-1.0,0.0,-0.0,0.0,2.0,3.0,0.0,0.0,-0.0,0.0,4.0,4.0
278,bobanmarjanovic,DAL,C,6.0,0.0,7.7,1.15,-1.85,0.075,-0.175,1.5,1.7,0.0,0.0,0.0,-0.2,5.0,7.199999999999999,43.199999999999996
279,laurimarkkanen,CHI,PF,4.0,4.0,26.5,2.75,-5.5,0.875,-1.125,1.25,5.8,1.9500000000000002,2.2,0.825,-1.8,17.3,24.525,98.1
280,calebmartin,CHO,SF,9.0,0.0,15.2,1.45,-2.7,0.175,-0.3,0.875,1.7,1.9500000000000002,2.475,0.275,-0.7,7.2,12.400000000000002,111.60000000000002
281,codymartin,CHO,SF,8.0,0.0,12.9,0.65,-1.25,0.15,-0.2,0.625,1.8,2.25,1.375,0.0,-0.6,3.3,8.1,64.8
282,kelanmartin,IND,SF,3.0,0.0,5.7,0.15,-1.35,0.0,-0.0,0.375,0.7,0.0,1.9249999999999998,0.0,-0.7,0.7,1.7999999999999998,5.3999999999999995
283,kenyonmartinjr,HOU,SF,1.0,0.0,5.0,1.5,-1.5,0.0,-0.0,0.0,1.0,0.0,2.75,0.0,-0.0,7.0,10.75,10.75
284,garrisonmathews,WAS,SG,4.0,0.0,11.0,1.15,-2.25,0.375,-0.45,0.625,0.8,1.2000000000000002,2.2,0.0,-0.3,7.3,10.65,42.6
285,dakotamathias,PHI,SG,5.0,1.0,14.2,1.2,-2.8,0.1,-0.2,0.25,0.6,2.4000000000000004,0.55,0.55,-0.2,6.2,8.65,43.25
286,wesleymatthews,LAL,SG,10.0,1.0,22.1,1.05,-2.25,0.075,-0.1,0.5,1.0,1.6500000000000001,1.1,1.1,-0.1,6.1,10.125,101.25
287,tyresemaxey,PHI,SG,10.0,1.0,18.5,2.3,-4.7,0.025,-0.025,0.25,2.0,3.0,1.9249999999999998,0.275,-0.7,10.1,14.45,144.5
288,skylarmays,ATL,SG,2.0,0.0,3.0,0.0,-0.25,0.0,-0.0,0.0,0.0,0.0,0.0,0.0,-0.0,0.0,-0.25,-0.5
289,cjmccollum,POR,SG,9.0,9.0,34.0,4.95,-10.5,0.8,-0.925,0.375,3.6,7.5,4.675,0.825,-1.2,27.9,38.0,342.0
290,tjmcconnell,IND,PG,8.0,0.0,17.0,0.9,-1.65,0.025,-0.075,0.625,2.4,6.6000000000000005,4.125,0.0,-1.4,3.6,15.15,121.2
291,jadenmcdaniels,MIN,PF,5.0,0.0,7.4,0.6,-1.1,0.05,-0.1,0.5,1.2,1.2000000000000002,1.1,0.55,-0.6,3.4,6.8,34.0
292,jalenmcdaniels,CHO,SF,7.0,0.0,11.6,0.95,-1.7,0.25,-0.4,0.5,2.3,1.0499999999999998,0.825,0.0,-1.1,5.0,7.675,53.725
294,dougmcdermott,IND,PF,9.0,0.0,23.4,1.95,-4.2,0.4,-0.525,1.125,2.6,1.5,0.55,0.0,-0.8,11.0,13.600000000000001,122.4
295,seanmcdermott,MEM,SF,3.0,0.0,14.0,0.35,-1.15,0.175,-0.175,0.875,0.3,1.5,0.0,0.0,-1.0,2.3,3.175,9.524999999999999
296,javalemcgee,CLE,C,10.0,0.0,17.0,1.75,-3.75,0.35,-0.6,3.0,4.0,1.6500000000000001,1.9249999999999998,2.2,-1.1,8.8,18.225,182.25
297,rodneymcgruder,DET,SG,2.0,0.0,6.0,0.25,-0.25,0.125,-0.125,0.625,0.0,0.0,0.0,0.0,-0.0,1.5,2.125,4.25
298,alfonzomckinnie,LAL,SF,5.0,0.0,3.0,0.5,-0.5,0.1,-0.1,0.25,0.4,0.0,0.0,0.0,-0.2,2.8,3.25,16.25
299,jordanmclaughlin,MIN,PG,4.0,0.0,16.0,0.9,-2.15,0.0,-0.0,0.375,1.5,5.25,1.375,0.825,-0.8,4.0,11.274999999999999,45.099999999999994
300,benmclemore,HOU,SG,1.0,0.0,16.0,2.5,-3.0,0.0,-0.0,0.0,3.0,3.0,2.75,0.0,-1.0,15.0,22.25,22.25
301,nicolomelli,NOP,PF,6.0,0.0,10.0,0.25,-1.1,0.125,-0.175,0.25,2.0,1.7999999999999998,0.825,0.0,-0.7,1.8,5.074999999999999,30.449999999999996
302,de'anthonymelton,MEM,PG,4.0,0.0,20.8,1.65,-3.65,0.0,-0.0,0.375,2.8,3.75,3.575,3.575,-1.8,7.5,17.775,71.1
303,sammerrill,MIL,SG,6.0,0.0,6.7,0.35,-0.65,0.075,-0.075,0.625,1.0,1.9500000000000002,0.55,0.0,-0.5,2.3,5.625,33.75
304,chimeziemetu,SAC,C,2.0,0.0,5.5,1.0,-1.75,0.5,-0.625,1.875,0.0,0.75,1.375,2.75,-0.0,6.5,12.375,24.75
305,khrismiddleton,MIL,SF,10.0,10.0,32.2,4.2,-7.55,0.75,-0.775,1.125,5.5,8.850000000000001,2.475,0.275,-2.7,22.7,34.85,348.5
306,dariusmiller,OKC,SF,1.0,0.0,7.0,0.5,-1.5,0.0,-0.0,0.0,0.0,0.0,0.0,0.0,-1.0,3.0,1.0,1.0
307,pattymills,SAS,PG,9.0,0.0,25.1,2.45,-4.85,0.425,-0.45,0.25,1.3,4.5,0.825,0.275,-0.7,14.7,18.725,168.525
308,paulmillsap,DEN,PF,9.0,9.0,24.4,2.0,-3.85,0.425,-0.6,1.25,3.1,2.0999999999999996,1.65,0.275,-1.2,11.0,16.15,145.35
309,shakemilton,PHI,SG,9.0,1.0,25.9,2.45,-5.35,0.775,-0.95,0.25,1.4,4.949999999999999,2.75,0.55,-1.4,14.1,19.525,175.725
310,donovanmitchell,UTA,SG,9.0,9.0,33.4,4.05,-10.3,0.775,-1.025,1.125,2.9,7.800000000000001,2.2,0.825,-3.1,22.4,27.65,248.85
311,adammokoka,CHI,SG,4.0,0.0,9.8,0.65,-1.75,0.0,-0.0,0.375,0.8,1.5,1.375,0.825,-0.5,2.8,6.074999999999999,24.299999999999997
312,malikmonk,CHO,SG,1.0,0.0,10.0,0.0,-0.5,0.25,-0.5,0.0,0.0,4.5,0.0,0.0,-1.0,1.0,3.75,3.75
313,e'twaunmoore,PHO,SG,1.0,0.0,6.0,0.0,-0.5,0.0,-0.0,0.0,0.0,0.0,0.0,0.0,-2.0,0.0,-2.5,-2.5
315,jamorant,MEM,PG,3.0,3.0,27.0,5.0,-9.15,1.325,-1.575,0.875,1.7,9.45,1.9249999999999998,1.9249999999999998,-2.3,26.3,35.474999999999994,106.42499999999998
316,juwanmorgan,UTA,PF,3.0,0.0,3.3,0.0,-0.15,0.0,-0.0,0.0,1.0,0.0,0.0,0.0,-0.0,0.0,0.85,2.55
317,marcusmorris,LAC,PF,2.0,0.0,18.0,1.25,-4.0,0.25,-0.25,1.25,1.0,2.25,0.0,0.0,-2.0,7.0,6.75,13.5
318,markieffmorris,LAL,PF,10.0,1.0,15.9,0.8,-1.95,0.05,-0.075,1.0,3.6,1.2000000000000002,0.275,1.1,-0.4,4.2,9.8,98.0
319,montemorris,DEN,PG,9.0,1.0,26.4,2.0,-4.0,0.475,-0.7,0.375,1.9,4.949999999999999,2.475,0.825,-0.3,11.0,19.0,171.0
320,mychalmulder,GSW,PG,9.0,0.0,10.9,0.8,-1.55,0.1,-0.2,0.0,0.9,0.8999999999999999,0.55,0.275,-0.3,4.8,6.2749999999999995,56.474999999999994
321,dejountemurray,SAS,PG,9.0,9.0,32.3,3.4,-7.45,0.5,-0.65,1.25,6.6,7.6499999999999995,3.575,0.275,-2.3,16.8,29.65,266.84999999999997
322,jamalmurray,DEN,PG,8.0,8.0,35.8,3.7,-7.65,0.9,-1.125,1.125,2.8,5.85,2.75,0.275,-2.1,21.0,27.525,220.2
323,mikemuscala,OKC,C,8.0,0.0,17.8,1.75,-3.65,0.25,-0.275,0.125,3.1,1.2000000000000002,0.825,1.375,-0.5,10.3,14.5,116.0
324,sviatoslavmykhailiuk,DET,SF,9.0,0.0,17.7,1.35,-3.6,0.3,-0.3,0.125,1.7,1.9500000000000002,1.9249999999999998,0.275,-0.4,8.4,11.725000000000001,105.525
325,larrynancejr,CLE,PF,10.0,9.0,35.0,2.0,-3.95,0.2,-0.35,1.75,4.4,6.1499999999999995,7.15,1.65,-1.8,10.3,27.5,275.0
326,aaronnesmith,BOS,SF,3.0,0.0,13.0,0.5,-2.0,0.0,-0.0,0.375,1.3,0.44999999999999996,0.0,0.825,-0.7,2.7,3.45,10.350000000000001
327,raulneto,WAS,PG,10.0,3.0,16.2,1.6,-3.05,0.15,-0.2,0.375,0.9,2.4000000000000004,3.0250000000000004,0.0,-0.7,8.2,12.7,127.0
328,georgesniang,UTA,PF,9.0,0.0,8.3,0.2,-0.8,0.0,-0.0,0.25,1.3,0.30000000000000004,0.275,0.0,-0.1,1.2,2.625,23.625
329,zekennaji,DEN,PF,4.0,0.0,1.8,0.15,-0.5,0.0,-0.0,0.375,0.0,0.0,0.0,0.0,-0.0,0.5,0.525,2.1
330,nerlensnoel,NYK,C,7.0,0.0,14.6,0.7,-1.35,0.075,-0.1,1.75,3.0,0.44999999999999996,2.475,3.575,-1.4,3.1,12.274999999999999,85.92499999999998
331,jaylennowell,MIN,SG,1.0,0.0,8.0,0.5,-1.5,0.0,-0.0,1.25,0.0,1.5,0.0,0.0,-0.0,2.0,3.75,3.75
332,frankntilikina,NYK,PG,4.0,0.0,10.5,0.75,-1.75,0.075,-0.2,0.375,0.8,1.2000000000000002,2.2,0.0,-0.5,4.5,7.45,29.8
333,kendricknunn,MIA,PG,5.0,0.0,12.2,1.1,-2.9,0.15,-0.15,0.25,0.8,2.7,1.1,0.55,-0.6,5.2,8.200000000000001,41.00000000000001
334,jusufnurkic,POR,C,9.0,9.0,24.6,2.3,-4.55,0.25,-0.5,2.375,5.9,5.1,2.75,2.2,-1.9,10.3,24.225,218.025
336,davidnwaba,HOU,SF,6.0,5.0,26.3,1.85,-4.1,0.3,-0.625,0.625,2.3,0.44999999999999996,2.2,2.2,-0.7,9.2,13.7,82.19999999999999
337,jordannwora,MIL,SF,7.0,0.0,9.9,1.15,-2.2,0.325,-0.35,0.125,2.0,0.0,1.65,0.275,-1.1,6.9,8.775,61.425000000000004
338,royceo'neale,UTA,SF,9.0,9.0,31.8,1.45,-2.8,0.075,-0.175,2.0,6.4,2.55,2.2,1.1,-1.1,8.3,20.0,180.0
339,semiojeleye,BOS,PF,9.0,1.0,17.3,1.05,-2.45,0.15,-0.25,1.125,2.3,0.8999999999999999,0.0,0.0,-0.6,6.0,8.225,74.02499999999999
340,jahlilokafor,DET,C,6.0,0.0,11.2,1.35,-2.1,0.0,-0.0,2.25,1.3,0.44999999999999996,0.825,0.55,-0.3,5.3,9.625,57.75
341,chumaokeke,ORL,PF,5.0,0.0,18.2,0.5,-1.4,0.15,-0.3,1.25,1.6,2.4000000000000004,1.65,0.55,-0.6,3.0,8.8,44.0
342,joshokogie,MIN,SG,3.0,3.0,25.0,1.65,-3.5,0.25,-0.25,1.625,2.0,2.55,0.0,0.825,-1.0,8.0,12.149999999999999,36.449999999999996
343,isaacokoro,CLE,SG,5.0,5.0,35.2,1.3,-3.1,0.25,-0.5,0.5,1.6,3.0,1.1,1.1,-1.4,6.6,10.45,52.25
344,kzokpala,MIA,PF,4.0,0.0,10.3,0.25,-1.0,0.075,-0.25,1.0,1.3,0.44999999999999996,1.375,0.0,-0.3,1.3,4.2,16.8
345,victoroladipo,IND,SG,8.0,8.0,32.8,3.5,-8.25,0.75,-1.025,0.125,5.9,6.449999999999999,3.0250000000000004,0.825,-1.9,19.9,29.299999999999997,234.39999999999998
346,kellyolynyk,MIA,C,7.0,3.0,26.1,2.05,-4.45,0.15,-0.225,0.875,4.7,3.1500000000000004,2.75,2.475,-1.3,11.6,21.775,152.42499999999998
347,miyeoni,UTA,SG,5.0,0.0,5.4,0.1,-0.5,0.0,-0.0,0.25,1.0,0.8999999999999999,0.0,0.55,-0.2,0.6,2.6999999999999997,13.499999999999998
348,cediosman,CLE,SF,10.0,4.0,28.2,2.0,-5.95,0.3,-0.45,0.875,3.2,4.949999999999999,2.475,0.55,-1.5,11.4,17.85,178.5
349,danieloturu,LAC,C,5.0,0.0,4.6,0.5,-0.8,0.0,-0.0,0.25,1.2,0.6000000000000001,0.0,1.1,-0.2,2.0,4.6499999999999995,23.249999999999996
350,kellyoubrejr,GSW,SF,9.0,9.0,26.3,2.0,-6.0,0.325,-0.45,2.0,4.0,0.8999999999999999,3.8499999999999996,2.475,-2.0,10.0,17.1,153.9
351,ericpaschall,GSW,PF,9.0,2.0,19.4,2.2,-4.05,0.55,-0.675,1.125,2.4,1.9500000000000002,0.825,0.55,-0.4,11.8,16.275000000000002,146.47500000000002
352,anzejspasecniks,WAS,C,1.0,0.0,6.0,0.0,-0.5,0.0,-0.0,1.25,0.0,1.5,0.0,0.0,-5.0,0.0,-2.75,-2.75
353,patrickpatterson,LAC,PF,5.0,0.0,11.4,0.5,-1.4,0.1,-0.1,0.75,1.4,0.8999999999999999,1.1,0.0,-0.6,3.0,5.65,28.25
354,chrispaul,PHO,PG,10.0,10.0,31.2,2.4,-5.6,0.7,-0.725,0.875,3.9,12.75,1.9249999999999998,0.825,-1.7,13.2,28.55,285.5
355,cameronpayne,PHO,PG,9.0,0.0,17.8,1.55,-3.1,0.1,-0.1,0.25,2.2,6.449999999999999,1.9249999999999998,0.275,-1.3,7.7,15.95,143.54999999999998
357,elfridpayton,NYK,PG,9.0,9.0,29.3,3.1,-6.8,0.4,-0.575,1.625,2.9,6.8999999999999995,1.1,0.55,-2.3,14.8,21.700000000000003,195.3
358,reggieperry,BRK,PF,4.0,0.0,5.0,0.4,-1.15,0.075,-0.075,0.375,1.8,1.5,0.0,0.0,-0.8,1.8,3.925,15.7
359,theopinson,NYK,SG,4.0,0.0,2.3,0.0,-0.4,0.0,-0.0,0.0,0.3,0.0,0.0,0.0,-0.0,0.0,-0.10000000000000003,-0.40000000000000013
360,masonplumlee,DET,C,9.0,9.0,27.4,1.45,-2.65,0.55,-0.7,3.75,6.2,5.4,3.8499999999999996,1.65,-1.6,8.0,25.899999999999995,233.09999999999997
361,jakobpoeltl,SAS,C,9.0,3.0,20.2,1.05,-2.05,0.075,-0.3,3.5,3.9,3.3000000000000003,1.65,0.825,-1.1,4.6,15.450000000000001,139.05
362,vincentpoirier,PHI,C,3.0,0.0,4.7,0.15,-0.5,0.175,-0.325,0.875,0.3,0.44999999999999996,0.0,0.825,-0.3,1.3,2.95,8.850000000000001
363,aleksejpokusevski,OKC,PF,6.0,0.0,16.3,0.4,-2.15,0.0,-0.0,0.375,3.8,1.7999999999999998,2.2,2.75,-1.8,2.0,9.375,56.25
364,jordanpoole,GSW,SG,6.0,0.0,11.8,1.0,-2.4,0.375,-0.375,0.25,1.2,1.2000000000000002,0.55,0.0,-0.7,6.3,7.4,44.400000000000006
365,michaelporterjr,DEN,SF,4.0,4.0,29.3,3.75,-6.65,0.45,-0.5,1.625,5.5,2.7,2.75,4.125,-0.5,19.5,32.75,131.0
366,ottoporter,CHI,SF,10.0,6.0,23.5,2.1,-4.8,0.6,-0.675,1.75,4.9,3.0,2.2,0.0,-1.0,12.8,20.875,208.75
367,bobbyportis,MIL,C,10.0,1.0,24.2,2.25,-4.15,0.3,-0.375,2.875,6.0,2.25,2.75,1.375,-1.4,11.0,22.875,228.75
368,dwightpowell,DAL,C,9.0,6.0,19.8,0.8,-1.65,0.45,-0.6,1.375,2.4,1.7999999999999998,3.3,1.65,-0.9,5.0,13.625,122.625
369,normanpowell,TOR,SG,8.0,2.0,23.3,1.5,-4.2,0.725,-0.85,0.0,1.5,0.8999999999999999,3.575,0.825,-1.0,10.8,13.775,110.2
370,taureanprince,BRK,PF,10.0,4.0,17.2,1.1,-3.05,0.6,-0.675,0.0,2.4,0.6000000000000001,1.9249999999999998,1.9249999999999998,-0.9,7.9,11.825,118.25
371,paytonpritchard,BOS,SG,10.0,0.0,22.9,1.65,-3.2,0.225,-0.25,0.625,1.9,4.65,3.575,0.825,-1.9,8.6,16.7,167.0
372,immanuelquickley,NYK,PG,5.0,0.0,13.8,0.9,-2.4,0.55,-0.55,0.0,1.0,2.4000000000000004,2.2,1.1,-0.8,6.6,11.0,55.0
373,jahmi'usramsey,SAC,SG,4.0,0.0,4.0,0.25,-0.5,0.0,-0.0,0.0,1.0,0.44999999999999996,0.0,0.825,-0.3,1.3,3.025,12.1
374,juliusrandle,NYK,PF,9.0,9.0,37.7,4.1,-8.4,1.2,-1.575,2.25,10.2,10.95,1.9249999999999998,0.55,-4.6,22.6,39.2,352.8
375,camreddish,ATL,SF,9.0,8.0,29.0,1.9,-5.45,0.6,-0.75,0.875,3.9,1.9500000000000002,3.8499999999999996,0.55,-1.7,11.6,17.325,155.92499999999998
376,jjredick,NOP,SG,9.0,0.0,21.0,1.1,-3.5,0.35,-0.35,0.125,1.3,1.5,0.55,0.0,-0.6,7.3,7.7749999999999995,69.975
378,paulreed,PHI,PF,2.0,0.0,14.0,1.0,-2.5,0.0,-0.0,3.75,0.5,1.5,1.375,1.375,-2.0,4.0,9.0,18.0
379,nazreid,MIN,C,9.0,3.0,19.1,2.1,-3.8,0.4,-0.6,1.25,3.1,1.9500000000000002,1.1,3.0250000000000004,-1.1,11.0,18.425000000000004,165.82500000000005
380,nickrichards,CHO,PF,3.0,0.0,3.7,0.35,-0.35,0.075,-0.175,0.375,1.0,0.0,0.0,0.0,-0.0,1.7,2.9749999999999996,8.924999999999999
381,joshrichardson,DAL,SG,8.0,8.0,32.5,2.45,-5.95,0.5,-0.525,1.375,1.8,2.4000000000000004,2.475,0.825,-1.3,13.8,17.85,142.8
382,austinrivers,NYK,SG,5.0,0.0,27.2,2.6,-4.7,0.0,-0.0,0.25,2.4,4.800000000000001,2.2,0.0,-1.2,13.0,19.35,96.75
383,duncanrobinson,MIA,SF,8.0,8.0,30.4,1.7,-4.25,0.35,-0.45,0.0,4.5,2.25,2.2,0.825,-1.4,11.3,17.025,136.2
384,glennrobinson,SAC,SF,7.0,0.0,19.3,1.3,-2.5,0.475,-0.5,0.5,2.1,1.5,0.0,0.275,-0.3,7.9,10.75,75.25
385,jeromerobinson,WAS,SG,6.0,1.0,15.0,0.75,-1.9,0.2,-0.2,0.0,1.7,1.9500000000000002,1.375,0.0,-0.7,4.5,7.675000000000001,46.050000000000004
386,mitchellrobinson,NYK,C,9.0,9.0,29.2,1.95,-3.1,0.15,-0.3,4.125,4.8,0.8999999999999999,4.4,5.5,-0.9,8.3,25.825000000000003,232.425
387,isaiahroby,OKC,PF,5.0,1.0,17.0,1.6,-2.5,0.15,-0.45,2.0,1.8,0.6000000000000001,0.55,1.65,-1.2,7.6,11.8,59.0
388,rajonrondo,ATL,PG,2.0,0.0,15.5,1.25,-2.5,0.0,-0.0,0.625,0.5,10.5,1.375,1.375,-1.0,6.0,18.125,36.25
389,derrickrose,DET,PG,8.0,0.0,23.6,2.55,-6.4,0.725,-0.875,0.5,1.6,8.100000000000001,2.75,1.1,-2.4,13.9,21.549999999999997,172.39999999999998
390,terrenceross,ORL,SG,9.0,0.0,27.4,3.0,-6.65,0.85,-0.95,0.375,2.0,1.9500000000000002,3.575,0.55,-1.7,17.9,20.9,188.1
391,terryrozier,CHO,SG,10.0,10.0,31.9,3.4,-7.3,0.8,-1.025,0.75,2.7,4.35,4.125,1.65,-2.0,20.3,27.75,277.5
392,rickyrubio,MIN,PG,9.0,3.0,24.7,1.15,-2.95,0.225,-0.25,0.5,2.6,7.800000000000001,3.575,0.0,-1.7,6.1,17.049999999999997,153.45
393,d'angelorussell,MIN,PG,9.0,8.0,30.9,3.65,-8.5,0.525,-0.8,0.75,2.4,7.800000000000001,3.3,1.1,-3.2,19.6,26.625000000000004,239.62500000000003
394,domantassabonis,IND,PF,9.0,9.0,37.7,4.2,-7.5,0.925,-1.425,3.625,9.7,9.149999999999999,1.9249999999999998,1.65,-3.7,21.6,40.15,361.34999999999997
395,lukasamanic,SAS,PF,3.0,0.0,2.7,0.15,-0.85,0.075,-0.175,0.0,0.0,0.0,0.0,0.0,-0.0,1.3,0.5000000000000001,1.5000000000000004
396,jakarrsampson,IND,PF,4.0,0.0,5.3,0.25,-0.5,0.2,-0.2,0.0,0.8,0.0,0.0,0.825,-0.0,1.8,3.175,12.7
397,dariosaric,PHO,PF,6.0,0.0,18.5,1.85,-4.15,0.325,-0.375,0.625,3.8,1.5,1.9249999999999998,0.0,-1.8,10.2,13.899999999999999,83.39999999999999
399,tomassatoransky,CHI,SG,3.0,0.0,22.7,1.15,-2.5,0.25,-0.25,0.875,1.7,9.0,3.575,0.825,-2.7,6.3,18.224999999999998,54.675
400,dennisschroder,LAL,SG,10.0,10.0,31.0,2.85,-6.6,0.575,-0.725,0.5,3.6,7.199999999999999,1.9249999999999998,0.275,-2.8,14.9,21.7,217.0
401,mikescott,PHI,PF,5.0,0.0,16.0,0.7,-2.1,0.1,-0.15,0.75,2.0,0.0,1.1,0.55,-0.6,4.2,6.550000000000001,32.75
402,collinsexton,CLE,SG,8.0,8.0,37.4,4.9,-9.2,0.9,-1.1,0.625,1.6,5.25,3.8499999999999996,0.825,-2.1,25.1,30.650000000000002,245.20000000000002
403,landryshamet,BRK,SG,10.0,0.0,17.6,0.75,-2.3,0.225,-0.25,0.25,1.2,1.5,2.2,0.275,-0.8,4.9,7.950000000000001,79.50000000000001
404,pascalsiakam,TOR,PF,7.0,7.0,35.0,3.65,-8.05,0.85,-1.1,2.5,5.9,7.050000000000001,2.475,1.9249999999999998,-2.6,19.6,32.2,225.40000000000003
405,chrissilva,MIA,PF,3.0,0.0,3.7,0.15,-0.15,0.175,-0.175,0.375,1.3,0.44999999999999996,0.0,0.825,-1.3,1.3,2.95,8.850000000000001
406,bensimmons,PHI,PG,9.0,9.0,32.7,2.55,-5.05,0.775,-1.275,1.0,8.0,10.5,3.8499999999999996,3.3,-3.6,13.4,33.45,301.05
407,anferneesimons,POR,SG,8.0,0.0,10.4,0.8,-2.25,0.125,-0.2,0.0,1.6,0.75,0.275,0.825,-0.3,5.0,6.625,53.0
408,deividassirvydis,DET,SG,1.0,0.0,1.0,0.0,-0.0,0.0,-0.0,0.0,0.0,0.0,0.0,0.0,-0.0,0.0,0.0,0.0
409,marcussmart,BOS,PG,9.0,9.0,33.4,1.7,-4.9,0.85,-1.1,0.875,2.1,9.600000000000001,4.4,1.9249999999999998,-1.8,12.2,25.85,232.65
410,dennissmithjr,NYK,PG,1.0,0.0,18.0,0.5,-2.5,0.5,-0.5,0.0,2.0,3.0,2.75,0.0,-1.0,4.0,8.75,8.75
411,ishsmith,WAS,PG,10.0,0.0,19.0,1.25,-3.15,0.125,-0.225,0.625,2.9,5.699999999999999,1.65,0.825,-1.0,5.9,14.6,146.0
412,jalensmith,PHO,PF,2.0,0.0,10.0,0.5,-1.25,0.0,-0.25,1.875,1.0,0.75,0.0,1.375,-0.5,2.0,5.5,11.0
413,cassiusstanley,IND,SG,3.0,0.0,2.0,0.35,-0.5,0.0,-0.0,0.375,0.3,0.0,0.0,0.0,-0.3,1.7,1.925,5.775
414,lamarstevens,CLE,PF,6.0,0.0,12.5,0.6,-1.85,0.2,-0.25,0.375,1.7,0.30000000000000004,1.375,0.0,-0.5,3.3,5.25,31.5
415,isaiahstewart,DET,C,7.0,0.0,17.1,0.85,-1.95,0.1,-0.175,3.375,2.3,0.8999999999999999,0.825,2.475,-0.7,3.9,11.899999999999999,83.29999999999998
416,maxstrus,MIA,SF,1.0,0.0,12.0,1.5,-2.5,0.0,-0.0,0.0,0.0,1.5,0.0,0.0,-0.0,7.0,7.5,7.5
417,edmondsumner,IND,SG,2.0,0.0,4.5,0.5,-0.5,0.0,-0.0,0.0,0.0,0.0,1.375,0.0,-0.5,2.0,2.875,5.75
418,jae'seantate,HOU,SF,7.0,0.0,24.0,1.5,-2.7,0.25,-0.4,1.25,3.0,2.0999999999999996,1.9249999999999998,0.275,-1.3,7.6,13.5,94.5
420,jaysontatum,BOS,SF,10.0,10.0,34.6,5.05,-10.65,0.8,-0.9,0.5,6.7,5.699999999999999,2.75,2.2,-2.4,26.9,36.65,366.5
421,jeffteague,BOS,PG,8.0,1.0,19.9,1.15,-3.4,0.4,-0.5,0.625,2.1,3.9000000000000004,4.4,0.825,-1.0,7.0,15.5,124.0
422,garretttemple,CHI,SG,9.0,0.0,25.4,1.35,-3.2,0.175,-0.225,0.875,1.4,2.8499999999999996,2.475,0.55,-1.2,7.7,12.75,114.75
423,tyrellterry,DAL,PG,4.0,0.0,3.5,0.15,-0.65,0.0,-0.075,0.0,0.3,0.75,0.825,0.0,-0.0,0.5,1.8,7.2
424,danieltheis,BOS,C,10.0,10.0,22.5,1.65,-3.0,0.075,-0.225,1.375,3.4,2.0999999999999996,1.1,2.75,-1.1,7.4,15.525,155.25
425,brodricthomas,HOU,SG,3.0,0.0,6.3,0.15,-0.85,0.25,-0.425,0.375,0.7,1.9500000000000002,0.0,0.0,-1.0,1.7,2.8500000000000005,8.55
426,mattthomas,TOR,SG,4.0,0.0,12.3,1.0,-2.25,0.075,-0.075,0.0,1.3,1.9500000000000002,1.375,0.0,-0.3,6.0,9.075,36.3
427,tristanthompson,BOS,PF,8.0,8.0,23.1,1.7,-3.2,0.4,-0.625,3.875,5.4,1.2000000000000002,0.825,2.2,-1.3,8.4,18.875,151.0
428,sindariusthornwell,NOP,SG,2.0,0.0,5.0,0.25,-0.5,0.0,-0.0,0.0,0.5,0.0,4.125,0.0,-0.0,1.0,5.375,10.75
429,matissethybulle,PHI,SG,9.0,0.0,12.6,0.4,-1.2,0.025,-0.025,0.125,0.9,1.35,2.2,1.65,-0.2,2.0,7.2250000000000005,65.025
430,xaviertillmansr,MEM,PF,4.0,0.0,18.5,1.25,-2.9,0.125,-0.125,1.0,3.0,1.9500000000000002,1.375,1.375,-0.3,5.5,12.25,49.0
431,obitoppin,NYK,PF,1.0,0.0,24.0,1.5,-6.0,0.0,-0.0,0.0,3.0,1.5,0.0,5.5,-0.0,9.0,14.5,14.5
432,juantoscanoanderson,GSW,SG,6.0,2.0,15.0,0.6,-0.75,0.125,-0.2,0.25,3.2,2.7,0.825,1.9249999999999998,-0.8,3.2,11.075000000000001,66.45
433,karlanthonytowns,MIN,C,3.0,3.0,32.3,3.5,-7.65,1.325,-1.425,5.0,8.0,7.050000000000001,1.9249999999999998,8.25,-3.0,21.0,43.975,131.925
434,garytrentjr,POR,SG,7.0,0.0,23.4,2.0,-4.55,0.175,-0.275,0.125,1.6,1.35,0.825,0.0,-0.6,11.1,11.75,82.25
435,pjtucker,HOU,PF,7.0,7.0,33.1,1.15,-2.05,0.075,-0.15,1.375,4.3,2.4000000000000004,2.75,2.475,-1.6,6.6,17.325,121.27499999999999
436,mylesturner,IND,C,9.0,9.0,30.0,2.35,-4.7,0.425,-0.5,1.5,4.8,1.5,3.8499999999999996,11.274999999999999,-1.0,12.2,31.699999999999996,285.29999999999995
437,jonasvalanciunas,MEM,C,9.0,9.0,26.8,2.6,-5.05,0.825,-1.1,2.875,8.2,2.7,2.75,2.75,-2.4,14.2,28.349999999999994,255.14999999999995
438,denzelvalentine,CHI,SG,7.0,0.0,18.4,1.3,-3.0,0.075,-0.075,0.375,4.0,2.0999999999999996,3.0250000000000004,0.275,-0.3,7.0,14.774999999999999,103.42499999999998
439,jarredvanderbilt,MIN,PF,7.0,0.0,14.3,1.15,-1.7,0.275,-0.6,2.0,3.3,2.55,3.8499999999999996,1.65,-0.7,5.7,17.475,122.32500000000002
441,fredvanvleet,TOR,SG,8.0,8.0,35.3,4.05,-8.75,0.575,-0.7,1.25,4.0,8.850000000000001,4.125,1.65,-1.5,22.3,35.85,286.8
442,devinvassell,SAS,SG,8.0,0.0,15.6,0.8,-2.05,0.025,-0.025,0.5,2.4,1.9500000000000002,2.75,1.1,-0.4,4.4,11.45,91.6
443,gabevincent,MIA,PG,1.0,0.0,15.0,1.0,-3.0,0.25,-0.25,0.0,2.0,3.0,0.0,0.0,-0.0,7.0,10.0,10.0
444,nikolavucevic,ORL,C,10.0,10.0,31.4,4.45,-8.75,0.45,-0.6,2.5,9.1,4.949999999999999,3.0250000000000004,1.375,-0.9,22.0,37.6,376.0
445,deanwade,CLE,PF,9.0,0.0,11.3,0.5,-1.15,0.05,-0.05,0.125,1.0,0.8999999999999999,1.1,0.275,-0.4,2.8,5.15,46.35
446,moritzwagner,WAS,C,4.0,0.0,11.5,1.0,-1.5,0.25,-0.375,0.375,3.3,1.2000000000000002,1.375,0.0,-0.3,5.8,11.125,44.5
447,lonniewalker,SAS,SG,9.0,9.0,28.4,2.3,-5.4,0.25,-0.35,0.75,2.6,2.4000000000000004,1.9249999999999998,1.65,-0.8,11.8,17.125,154.125
448,johnwall,HOU,PG,5.0,5.0,34.6,4.0,-8.3,0.9,-1.05,1.0,3.8,7.800000000000001,3.3,2.2,-3.4,21.2,31.450000000000003,157.25
449,bradwanamaker,GSW,PG,9.0,0.0,16.4,0.65,-1.95,0.45,-0.525,0.125,1.9,4.199999999999999,2.475,0.55,-0.9,5.0,11.974999999999998,107.77499999999998
450,tjwarren,IND,SF,4.0,4.0,29.3,3.4,-6.4,0.5,-0.625,0.625,3.0,1.9500000000000002,1.375,0.0,-1.0,15.5,18.325,73.3
451,pjwashington,CHO,PF,10.0,10.0,27.5,2.0,-4.65,0.675,-0.95,2.0,4.6,4.199999999999999,3.0250000000000004,4.125,-2.0,11.8,24.825,248.25
452,yutawatanabe,TOR,SF,4.0,0.0,12.3,0.4,-1.5,0.0,-0.0,1.25,2.8,0.44999999999999996,0.825,2.2,-0.3,2.3,8.425,33.7
453,tremontwaters,BOS,PG,3.0,1.0,11.0,0.35,-1.65,0.325,-0.325,0.375,0.3,4.050000000000001,1.9249999999999998,0.0,-2.3,3.0,6.050000000000001,18.150000000000002
454,paulwatson,TOR,SF,3.0,0.0,2.7,0.15,-0.35,0.0,-0.0,0.375,0.7,0.0,0.0,0.825,-0.0,0.7,2.4,7.199999999999999
455,russellwestbrook,WAS,PG,7.0,7.0,37.1,3.65,-9.65,0.825,-1.25,1.25,8.7,16.950000000000003,3.575,0.825,-5.3,19.3,38.875,272.125
456,cobywhite,CHI,PG,10.0,10.0,34.0,3.25,-7.65,0.6,-0.7,0.625,4.4,8.25,0.55,0.275,-2.8,18.1,24.900000000000002,249.00000000000003
457,derrickwhite,SAS,SG,1.0,0.0,23.0,1.5,-4.5,0.5,-0.5,0.0,1.0,1.5,0.0,5.5,-2.0,9.0,12.0,12.0
458,hassanwhiteside,SAC,C,7.0,0.0,13.4,1.15,-2.45,0.4,-0.775,1.375,3.7,0.8999999999999999,0.825,3.575,-0.7,6.1,14.099999999999998,98.69999999999999
459,andrewwiggins,GSW,PF,9.0,9.0,32.1,3.2,-7.4,0.7,-0.925,1.25,3.9,3.3000000000000003,1.65,3.3,-2.1,17.6,24.475,220.275
460,grantwilliams,BOS,PF,8.0,0.0,19.1,1.15,-2.5,0.075,-0.15,1.75,2.3,1.2000000000000002,1.65,1.65,-0.9,5.6,11.825,94.6
462,kenrichwilliams,OKC,PF,8.0,0.0,10.9,0.4,-1.3,0.2,-0.2,0.75,1.3,1.35,1.1,0.825,-0.6,2.5,6.324999999999999,50.599999999999994
463,louwilliams,LAC,PG,10.0,0.0,20.3,1.75,-4.05,0.25,-0.35,0.375,1.7,3.9000000000000004,1.375,0.275,-0.9,8.9,13.225000000000001,132.25
464,patrickwilliams,CHI,PF,10.0,10.0,25.5,1.8,-4.0,0.4,-0.475,0.875,2.9,1.35,2.475,2.2,-1.6,9.6,15.524999999999999,155.25
465,robertwilliams,BOS,C,8.0,0.0,16.4,1.5,-1.95,0.2,-0.225,3.125,4.0,0.8999999999999999,3.0250000000000004,4.125,-1.4,6.8,20.1,160.8
466,zionwilliamson,NOP,PF,9.0,9.0,31.8,4.35,-7.8,1.15,-1.825,4.625,4.4,1.9500000000000002,3.575,1.1,-2.8,21.9,30.625,275.625
467,djwilson,MIL,PF,6.0,0.0,11.3,0.85,-2.0,0.05,-0.075,0.625,2.5,0.75,0.55,0.825,-0.7,4.7,8.075,48.449999999999996
468,dylanwindler,CLE,SF,1.0,0.0,9.0,0.5,-2.5,0.0,-0.0,0.0,0.0,0.0,5.5,0.0,-1.0,3.0,5.5,5.5
469,jameswiseman,GSW,C,9.0,9.0,20.6,2.15,-4.65,0.425,-0.7,1.5,4.8,0.44999999999999996,1.1,4.675,-1.7,11.0,19.05,171.45000000000002
470,christianwood,HOU,C,6.0,6.0,34.2,4.65,-8.5,0.875,-1.2,2.75,8.7,1.9500000000000002,2.75,5.5,-1.5,23.3,39.275,235.64999999999998
471,robertwoodard,SAC,SF,4.0,0.0,3.5,0.65,-1.25,0.0,-0.125,1.0,1.3,0.0,0.0,0.0,-0.3,2.8,4.074999999999999,16.299999999999997
472,delonwright,DET,SG,9.0,4.0,24.4,1.4,-3.05,0.5,-0.575,1.0,2.2,5.1,1.65,1.1,-1.2,8.2,16.325,146.92499999999998
473,thaddeusyoung,CHI,PF,6.0,0.0,25.3,2.25,-4.0,0.175,-0.175,1.875,2.7,4.5,2.2,0.825,-2.8,10.2,17.75,106.5
474,traeyoung,ATL,PG,9.0,9.0,33.9,3.5,-8.55,2.275,-2.575,1.75,2.6,12.899999999999999,1.1,0.275,-4.7,24.7,33.27499999999999,299.4749999999999
475,codyzeller,CHO,C,1.0,1.0,19.0,1.5,-3.0,0.0,-0.25,1.25,2.0,0.0,8.25,2.75,-1.0,6.0,17.5,17.5
476,ivicazubac,LAC,C,10.0,0.0,17.9,1.35,-1.9,0.55,-0.675,1.75,2.4,1.35,1.1,2.475,-1.1,7.6,14.9,149.0
