,Year,Player,Pos,Age,Tm,G,GS,MP,FG,FGA,FG%,3P,3PA,3P%,2P,2PA,2P%,eFG%,FT,FTA,FT%,ORB,DRB,TRB,AST,STL,BLK,TOV,PF,PTS
0,2021,preciousachiuwa,F,21,MIA,4,0,15.8,3.3,5.3,.619,0.0,0.0,,3.3,5.3,.619,.619,0.8,2.0,.375,1.3,2.5,3.8,0.5,0.3,0.5,1.5,3.3,7.3
1,2021,stevenadams,C,27,NOP,4,4,29.3,4.0,5.3,.762,0.0,0.0,,4.0,5.3,.762,.762,0.3,1.0,.250,3.0,5.5,8.5,2.0,1.5,1.3,1.5,1.3,8.3
2,2021,bamadebayo,PF,23,MIA,4,4,30.8,7.0,11.3,.622,0.0,0.0,,7.0,11.3,.622,.622,5.0,6.0,.833,1.0,6.3,7.3,5.0,1.0,1.3,4.3,2.3,19.0
3,2021,lamarcusaldridge,C,35,SAS,3,3,26.0,5.3,12.7,.421,0.7,3.7,.182,4.7,9.0,.519,.447,0.7,1.0,.667,0.7,3.7,4.3,2.0,0.0,1.3,1.3,2.7,12.0
4,2021,tyshonalexander,G,22,PHO,2,0,2.5,0.0,1.5,.000,0.0,0.5,.000,0.0,1.0,.000,.000,0.0,0.0,,0.0,0.5,0.5,0.5,0.0,0.0,0.0,0.5,0.0
5,2021,nickeilalexanderwalker,SG,22,NOP,2,0,12.5,2.5,6.0,.417,0.5,1.5,.333,2.0,4.5,.444,.458,1.5,1.5,1.000,0.0,0.5,0.5,2.0,0.5,0.0,1.0,2.0,7.0
6,2021,graysonallen,SG,25,MEM,4,4,23.0,1.0,4.8,.211,0.8,4.0,.188,0.3,0.8,.333,.289,2.0,2.3,.889,1.0,1.8,2.8,2.5,0.3,0.3,0.8,0.3,4.8
7,2021,jarrettallen,C,22,BRK,5,0,22.6,2.8,4.2,.667,0.0,0.0,,2.8,4.2,.667,.667,4.0,5.4,.741,4.4,7.6,12.0,1.2,0.2,1.4,1.8,1.2,9.6
8,2021,kyleanderson,SF,27,MEM,4,4,32.5,5.8,12.8,.451,1.8,5.3,.333,4.0,7.5,.533,.520,2.8,3.5,.786,1.0,7.8,8.8,3.8,0.0,0.8,3.5,2.8,16.0
9,2021,giannisantetokounmpo,PF,26,MIL,5,5,31.4,7.8,16.4,.476,1.2,4.8,.250,6.6,11.6,.569,.512,5.6,9.0,.622,2.0,9.6,11.6,5.4,1.8,0.6,3.6,3.0,22.4
10,2021,kostasantetokounmpo,PF,23,LAL,1,0,8.0,0.0,2.0,.000,0.0,0.0,,0.0,2.0,.000,.000,0.0,0.0,,0.0,4.0,4.0,0.0,0.0,2.0,2.0,1.0,0.0
11,2021,thanasisantetokounmpo,SF,28,MIL,4,0,11.5,1.5,2.3,.667,0.3,0.5,.500,1.3,1.8,.714,.722,0.0,0.0,,1.0,1.3,2.3,1.3,0.3,0.3,1.5,2.3,3.3
12,2021,carmeloanthony,PF,36,POR,3,0,23.3,3.3,8.7,.385,0.3,1.3,.250,3.0,7.3,.409,.404,4.7,5.3,.875,0.3,3.0,3.3,1.3,1.0,0.0,0.7,2.0,11.7
13,2021,coleanthony,G,20,ORL,4,0,17.8,2.8,7.5,.367,0.5,2.3,.222,2.3,5.3,.429,.400,2.5,2.5,1.000,1.5,3.0,4.5,4.3,0.8,0.0,0.8,1.5,8.5
14,2021,oganunoby,SF,23,TOR,3,3,36.0,4.7,9.0,.519,2.0,5.7,.353,2.7,3.3,.800,.630,1.3,2.0,.667,1.7,5.0,6.7,1.7,3.3,1.3,1.7,3.0,12.7
15,2021,ryanarcidiacono,PG,26,CHI,2,0,14.0,1.5,4.5,.333,0.5,2.5,.200,1.0,2.0,.500,.389,1.5,1.5,1.000,0.0,3.0,3.0,2.0,1.0,0.0,0.0,1.0,5.0
16,2021,djaugustin,G,33,MIL,4,0,15.3,2.0,5.5,.364,1.5,3.5,.429,0.5,2.0,.250,.500,1.5,1.5,1.000,0.8,0.5,1.3,1.3,0.3,0.0,0.8,0.5,7.0
17,2021,deniavdija,G-F,20,WAS,4,4,26.3,2.8,5.3,.524,1.8,3.3,.538,1.0,2.0,.500,.690,0.3,0.8,.333,0.5,4.5,5.0,2.5,1.3,0.3,0.8,3.3,7.5
18,2021,deandreayton,C,22,PHO,4,4,27.5,4.8,9.0,.528,0.3,0.5,.500,4.5,8.5,.529,.542,1.8,3.0,.583,3.3,8.5,11.8,1.8,0.3,1.0,1.3,3.0,11.5
19,2021,udokaazubuike,C,21,UTA,1,0,4.0,1.0,1.0,1.000,0.0,0.0,,1.0,1.0,1.000,1.000,0.0,0.0,,1.0,0.0,1.0,0.0,0.0,0.0,0.0,0.0,2.0
20,2021,,,,,,,,,,,,,,,,,,,,,,,,,,,,,
21,2021,dwaynebacon,G,25,ORL,4,4,20.0,3.3,5.5,.591,0.5,1.0,.500,2.8,4.5,.611,.636,0.5,0.5,1.000,0.3,3.5,3.8,1.0,0.3,0.3,0.5,1.5,7.5
22,2021,marvinbagley,C,21,SAC,4,4,24.8,5.3,12.5,.420,0.8,3.0,.250,4.5,9.5,.474,.450,2.5,4.3,.588,2.0,5.8,7.8,0.8,0.5,0.3,2.0,3.8,13.8
23,2021,lameloball,PG,19,CHO,4,0,20.3,3.5,7.8,.452,2.0,3.8,.533,1.5,4.0,.375,.581,1.3,1.5,.833,1.5,3.3,4.8,3.5,1.3,0.3,2.5,2.5,10.3
24,2021,lonzoball,PG,23,NOP,4,4,30.8,4.0,10.8,.372,2.0,7.0,.286,2.0,3.8,.533,.465,1.3,2.0,.625,0.5,3.3,3.8,3.5,2.0,0.8,3.3,2.8,11.3
25,2021,desmondbane,G,22,MEM,4,0,22.3,3.0,6.0,.500,2.3,4.3,.529,0.8,1.8,.429,.688,0.3,0.3,1.000,1.0,2.0,3.0,0.0,0.5,0.0,1.0,2.5,8.5
26,2021,harrisonbarnes,PF,28,SAC,4,4,34.5,5.5,12.8,.431,0.8,3.0,.250,4.8,9.8,.487,.461,2.0,2.8,.727,1.8,6.5,8.3,3.8,0.5,0.3,1.5,0.5,13.8
27,2021,rjbarrett,SG,20,NYK,4,4,37.0,6.0,15.5,.387,0.8,4.0,.188,5.3,11.5,.457,.411,3.5,4.5,.778,1.0,6.3,7.3,3.8,0.8,0.0,2.3,2.3,16.3
28,2021,willbarton,SG,30,DEN,4,0,26.5,4.8,11.5,.413,1.0,3.0,.333,3.8,8.5,.441,.457,1.8,2.8,.636,0.5,3.3,3.8,2.0,0.8,0.5,0.8,1.5,12.3
29,2021,keitabatesdiop,F,25,SAS,1,0,1.0,0.0,0.0,,0.0,0.0,,0.0,0.0,,,0.0,0.0,,0.0,0.0,0.0,0.0,0.0,0.0,0.0,0.0,0.0
30,2021,nicolasbatum,F-G,32,LAC,5,5,27.2,2.8,5.6,.500,1.2,3.0,.400,1.6,2.6,.615,.607,0.8,1.0,.800,1.6,4.8,6.4,3.4,1.0,0.2,1.0,2.6,7.6
31,2021,aronbaynes,C,34,TOR,3,3,23.3,4.0,9.3,.429,0.7,3.7,.182,3.3,5.7,.588,.464,0.0,0.0,,2.0,5.3,7.3,0.7,0.0,0.0,1.3,3.0,8.7
32,2021,kentbazemore,SF,31,GSW,2,0,8.0,0.5,2.0,.250,0.0,0.5,.000,0.5,1.5,.333,.250,0.0,0.0,,0.0,1.0,1.0,1.5,0.5,0.0,1.0,2.0,1.0
33,2021,dariusbazley,PF,20,OKC,3,3,31.7,4.3,11.3,.382,1.0,4.3,.231,3.3,7.0,.476,.426,0.3,0.7,.500,1.0,8.0,9.0,1.0,0.3,1.7,2.0,0.7,10.0
34,2021,bradleybeal,SG,27,WAS,4,4,37.3,11.0,23.8,.463,1.5,6.3,.240,9.5,17.5,.543,.495,8.5,9.8,.872,1.0,3.5,4.5,4.5,2.0,0.5,4.0,2.5,32.0
35,2021,malikbeasley,SG,24,MIN,4,4,29.5,6.3,15.0,.417,1.5,6.0,.250,4.8,9.0,.528,.467,3.0,3.5,.857,0.8,4.0,4.8,1.0,0.8,0.0,1.0,1.5,17.0
36,2021,deandre'bembry,F,26,TOR,2,0,5.5,0.5,1.0,.500,0.0,0.0,,0.5,1.0,.500,.500,0.0,0.0,,0.0,0.5,0.5,0.0,0.0,0.5,1.0,0.5,1.0
37,2021,dāvisbertāns,PF,28,WAS,4,0,21.5,3.0,8.0,.375,2.5,7.3,.345,0.5,0.8,.667,.531,3.5,4.3,.824,0.5,2.0,2.5,1.3,0.5,0.5,0.3,2.0,12.0
38,2021,patrickbeverley,PG,32,LAC,5,5,21.8,2.8,6.0,.467,1.8,3.8,.474,1.0,2.2,.455,.617,0.6,0.8,.750,1.6,1.8,3.4,0.8,1.0,0.0,1.0,3.8,8.0
39,2021,saddiqbey,SF,21,DET,3,1,17.0,2.0,7.3,.273,1.7,4.7,.357,0.3,2.7,.125,.386,1.3,2.0,.667,0.7,3.3,4.0,0.3,0.0,0.0,0.3,1.7,7.0
40,2021,khembirch,C,28,ORL,4,0,16.3,2.5,5.0,.500,0.0,0.0,,2.5,5.0,.500,.500,1.8,2.0,.875,1.0,3.0,4.0,0.8,0.8,0.3,0.5,2.8,6.8
41,2021,,,,,,,,,,,,,,,,,,,,,,,,,,,,,
42,2021,bismackbiyombo,C,28,CHO,4,3,28.5,3.8,6.0,.625,0.0,0.0,,3.8,6.0,.625,.625,1.8,4.0,.438,3.0,3.3,6.3,2.3,0.0,1.3,1.3,3.3,9.3
43,2021,nemanjabjelica,PF,32,SAC,4,0,16.0,3.3,6.3,.520,0.8,1.5,.500,2.5,4.8,.526,.580,2.0,2.3,.889,1.0,2.3,3.3,1.8,0.0,0.3,0.5,2.3,9.3
44,2021,ericbledsoe,G,31,NOP,4,4,30.0,3.5,9.5,.368,1.5,5.3,.286,2.0,4.3,.471,.447,0.8,1.3,.600,0.3,1.3,1.5,3.5,1.0,0.5,2.5,1.0,9.3
45,2021,keljinblevins,F,25,POR,2,0,6.5,0.5,2.5,.200,0.0,1.5,.000,0.5,1.0,.500,.200,0.0,0.0,,0.0,0.0,0.0,1.5,0.5,0.0,1.0,1.0,1.0
46,2021,bogdanbogdanović,SG,28,ATL,4,1,29.0,5.0,11.5,.435,3.8,8.8,.429,1.3,2.8,.455,.598,1.5,1.8,.857,0.3,6.0,6.3,2.5,0.8,0.3,1.3,1.5,15.3
47,2021,bojanbogdanović,SF,31,UTA,3,3,34.0,5.3,15.7,.340,3.3,8.3,.400,2.0,7.3,.273,.447,1.7,1.7,1.000,1.3,4.0,5.3,1.3,0.7,0.3,1.3,0.7,15.7
48,2021,bolbol,C,21,DEN,3,0,4.7,0.0,1.3,.000,0.0,0.7,.000,0.0,0.7,.000,.000,0.0,0.0,,0.0,0.3,0.3,0.0,0.0,0.3,0.0,0.7,0.0
49,2021,marquesbolden,C,22,CLE,2,0,3.0,0.5,0.5,1.000,0.0,0.0,,0.5,0.5,1.000,1.000,0.0,1.0,.000,0.0,0.0,0.0,0.0,0.0,0.0,0.0,0.0,1.0
50,2021,isaacbonga,SF,21,WAS,4,4,17.8,2.0,3.0,.667,1.3,2.0,.625,0.8,1.0,.750,.875,0.0,0.3,.000,0.8,2.8,3.5,1.3,0.5,0.8,0.8,2.0,5.3
51,2021,devinbooker,SG,24,PHO,4,4,33.3,7.3,16.0,.453,2.0,6.5,.308,5.3,9.5,.553,.516,2.5,3.3,.769,0.3,4.5,4.8,3.5,1.8,0.3,5.3,3.3,19.0
52,2021,chrisboucher,C,28,TOR,3,0,16.0,5.0,8.0,.625,1.0,2.0,.500,4.0,6.0,.667,.688,0.3,0.7,.500,2.0,3.3,5.3,0.3,0.0,3.0,0.7,2.7,11.3
53,2021,averybradley,G,30,MIA,3,1,27.3,5.0,9.0,.556,2.7,5.7,.471,2.3,3.3,.700,.704,1.3,1.7,.800,0.0,2.0,2.0,1.7,1.3,0.0,1.3,2.3,14.0
54,2021,tonybradley,F-C,23,PHI,1,0,17.0,2.0,7.0,.286,0.0,0.0,,2.0,7.0,.286,.286,0.0,1.0,.000,4.0,4.0,8.0,1.0,0.0,2.0,0.0,2.0,4.0
55,2021,ignasbrazdeikis,SF,22,NYK,1,0,1.0,0.0,1.0,.000,0.0,0.0,,0.0,1.0,.000,.000,2.0,2.0,1.000,1.0,0.0,1.0,0.0,0.0,0.0,0.0,0.0,2.0
56,2021,mikalbridges,SF,24,PHO,4,4,32.3,5.5,10.3,.537,2.5,5.5,.455,3.0,4.8,.632,.659,2.0,2.0,1.000,1.5,4.5,6.0,0.5,0.8,1.5,0.0,2.0,15.5
57,2021,milesbridges,SF,22,CHO,4,0,25.8,4.5,9.0,.500,2.5,5.0,.500,2.0,4.0,.500,.639,1.0,1.0,1.000,1.0,6.8,7.8,1.5,0.8,1.5,2.3,2.3,12.5
58,2021,malcolmbrogdon,PG,28,IND,4,4,33.8,8.5,16.3,.523,2.0,6.0,.333,6.5,10.3,.634,.585,1.8,2.0,.875,0.8,3.5,4.3,6.5,1.3,0.0,2.3,1.8,20.8
59,2021,dillonbrooks,SG,25,MEM,4,4,31.8,7.5,18.5,.405,2.0,6.8,.296,5.5,11.8,.468,.459,1.8,1.8,1.000,1.8,2.8,4.5,3.5,2.0,0.0,3.0,4.8,18.8
60,2021,brucebrown,PG,24,BRK,2,0,5.0,0.5,1.5,.333,0.0,0.5,.000,0.5,1.0,.500,.333,0.0,0.0,,0.0,1.0,1.0,0.5,0.0,0.0,1.0,0.5,1.0
61,2021,jaylenbrown,SF,24,BOS,5,5,33.0,10.8,19.2,.563,2.2,5.0,.440,8.6,14.2,.606,.620,4.2,6.2,.677,1.2,3.2,4.4,3.4,1.8,0.6,1.8,3.0,28.0
62,2021,,,,,,,,,,,,,,,,,,,,,,,,,,,,,
63,2021,sterlingbrown,SG,25,HOU,2,0,25.5,4.5,6.5,.692,2.0,4.0,.500,2.5,2.5,1.000,.846,0.0,0.0,,0.5,2.0,2.5,1.0,0.5,0.0,0.5,3.0,11.0
64,2021,troybrownjr,SF,21,WAS,4,0,17.5,1.5,4.0,.375,0.8,2.5,.300,0.8,1.5,.500,.469,0.0,0.0,,0.8,2.3,3.0,1.3,0.0,0.0,1.0,2.3,3.8
65,2021,jalenbrunson,PG,24,DAL,4,0,16.5,4.0,8.0,.500,0.8,2.8,.273,3.3,5.3,.619,.547,2.0,2.5,.800,0.0,2.5,2.5,3.0,0.3,0.0,1.8,1.0,10.8
66,2021,thomasbryant,C,23,WAS,4,4,30.5,6.5,12.0,.542,1.0,3.0,.333,5.5,9.0,.611,.583,0.5,1.5,.333,2.0,3.8,5.8,2.0,0.3,1.0,1.8,4.3,14.5
67,2021,reggiebullock,SG,29,NYK,4,4,27.8,3.5,8.8,.400,2.5,5.8,.435,1.0,3.0,.333,.543,0.8,1.0,.750,0.3,3.3,3.5,1.3,0.5,0.3,1.0,3.0,10.3
68,2021,treyburke,PG,28,DAL,4,0,20.3,2.8,7.0,.393,1.8,4.0,.438,1.0,3.0,.333,.518,0.8,1.0,.750,0.0,1.0,1.0,1.8,0.8,0.3,0.8,1.3,8.0
69,2021,alecburks,G,29,NYK,3,0,27.7,5.7,10.7,.531,3.3,5.0,.667,2.3,5.7,.412,.688,6.0,6.7,.900,0.0,3.7,3.7,3.7,1.0,0.7,2.3,3.3,20.7
70,2021,jimmybutler,SF,31,MIA,2,2,26.0,4.5,11.0,.409,0.0,0.5,.000,4.5,10.5,.429,.409,2.5,2.5,1.000,2.0,2.5,4.5,6.0,4.0,0.0,3.5,0.5,11.5
71,2021,brunocaboclo,PF,25,HOU,2,0,11.5,1.5,5.0,.300,0.0,2.0,.000,1.5,3.0,.500,.300,0.0,0.0,,0.5,3.0,3.5,0.0,0.0,0.5,2.0,2.0,3.0
72,2021,kentaviouscaldwellpope,SG,27,LAL,5,5,25.0,3.2,5.6,.571,1.8,3.4,.529,1.4,2.2,.636,.732,1.6,1.8,.889,0.0,1.4,1.4,1.4,1.0,0.6,1.0,2.0,9.8
73,2021,facundocampazzo,PG,29,DEN,4,0,7.3,0.3,1.3,.200,0.3,1.0,.250,0.0,0.3,.000,.300,1.3,1.5,.833,0.0,1.0,1.0,1.3,0.5,0.0,1.3,1.8,2.0
74,2021,vlatkočančar,PF,23,DEN,1,0,4.0,0.0,1.0,.000,0.0,0.0,,0.0,1.0,.000,.000,0.0,0.0,,0.0,0.0,0.0,0.0,0.0,0.0,1.0,0.0,0.0
75,2021,clintcapela,C,26,ATL,2,2,20.0,3.0,6.0,.500,0.0,0.0,,3.0,6.0,.500,.500,1.0,2.0,.500,2.5,8.0,10.5,0.5,0.0,1.5,0.5,0.5,7.0
76,2021,vernoncareyjr,C,19,CHO,1,0,4.0,0.0,2.0,.000,0.0,1.0,.000,0.0,1.0,.000,.000,0.0,0.0,,0.0,1.0,1.0,1.0,0.0,1.0,0.0,0.0,0.0
77,2021,jevoncarter,PG,25,PHO,4,0,12.5,0.8,4.5,.167,0.3,3.3,.077,0.5,1.3,.400,.194,0.0,0.0,,0.0,1.3,1.3,0.8,0.5,0.0,0.3,1.0,1.8
78,2021,wendellcarterjr,C,21,CHI,4,4,29.8,4.3,8.0,.531,0.3,1.5,.167,4.0,6.5,.615,.547,3.0,4.5,.667,2.0,7.3,9.3,2.8,0.0,0.5,2.3,3.5,11.8
79,2021,michaelcarterwilliams,SG,29,ORL,4,0,21.0,2.5,4.5,.556,0.3,1.0,.250,2.3,3.5,.643,.583,0.3,0.5,.500,2.0,3.0,5.0,1.8,1.0,0.5,1.5,2.8,5.5
80,2021,alexcaruso,PG,26,LAL,3,0,13.7,2.0,3.7,.545,1.3,2.7,.500,0.7,1.0,.667,.727,0.0,0.0,,0.0,1.7,1.7,1.0,0.7,0.0,1.7,1.0,5.3
81,2021,williecauleystein,C,27,DAL,4,0,11.8,1.5,2.8,.545,0.0,0.3,.000,1.5,2.5,.600,.545,1.0,1.8,.571,1.3,2.0,3.3,0.8,0.5,0.5,0.5,2.0,4.0
82,2021,chrischiozza,PG,25,BRK,1,0,27.0,5.0,14.0,.357,3.0,8.0,.375,2.0,6.0,.333,.464,1.0,2.0,.500,0.0,1.0,1.0,4.0,0.0,0.0,3.0,3.0,14.0
83,2021,,,,,,,,,,,,,,,,,,,,,,,,,,,,,
84,2021,marquesechriss,PF,23,GSW,2,0,13.5,2.5,7.0,.357,0.5,2.5,.200,2.0,4.5,.444,.393,1.0,2.0,.500,1.5,5.0,6.5,1.0,0.0,1.0,1.0,1.5,6.5
85,2021,garyclark,SF,26,ORL,1,0,9.0,0.0,2.0,.000,0.0,2.0,.000,0.0,0.0,,.000,0.0,0.0,,1.0,2.0,3.0,1.0,0.0,0.0,1.0,1.0,0.0
86,2021,brandonclarke,PF,24,MEM,4,0,25.3,4.3,10.3,.415,0.3,1.5,.167,4.0,8.8,.457,.427,1.3,3.5,.357,1.5,3.5,5.0,1.0,0.5,0.5,0.5,1.5,10.0
87,2021,jordanclarkson,SG,28,UTA,3,0,23.7,6.3,13.0,.487,2.3,5.7,.412,4.0,7.3,.545,.577,3.0,3.3,.900,1.3,3.3,4.7,1.0,0.3,0.3,1.3,0.3,18.0
88,2021,amircoffey,SG,23,LAC,5,0,7.2,0.8,2.4,.333,0.4,1.2,.333,0.4,1.2,.333,.417,0.4,0.6,.667,0.2,0.2,0.4,0.6,0.0,0.0,0.0,0.4,2.4
89,2021,johncollins,PF,23,ATL,4,4,25.5,6.5,11.5,.565,0.8,2.8,.273,5.8,8.8,.657,.598,4.3,4.5,.944,2.3,5.0,7.3,1.3,0.5,1.3,1.3,4.3,18.0
90,2021,mikeconley,PG,33,UTA,3,3,32.0,6.7,14.3,.465,2.7,6.7,.400,4.0,7.7,.522,.558,3.3,4.3,.769,1.0,5.3,6.3,5.0,0.7,0.3,2.7,3.7,19.3
91,2021,patconnaughton,SG,28,MIL,5,0,17.6,2.0,4.6,.435,1.4,3.4,.412,0.6,1.2,.500,.587,0.0,0.0,,0.2,3.0,3.2,1.4,0.4,0.4,0.2,0.6,5.4
92,2021,quinncook,PG,27,LAL,4,0,3.3,0.8,1.8,.429,0.3,1.0,.250,0.5,0.8,.667,.500,0.3,0.3,1.000,0.0,0.3,0.3,0.5,0.0,0.0,0.0,0.0,2.0
93,2021,robertcovington,F-C,30,POR,4,4,30.8,2.0,5.8,.348,0.8,4.0,.188,1.3,1.8,.714,.413,0.8,1.0,.750,0.5,4.8,5.3,1.5,1.8,0.5,1.0,3.0,5.5
94,2021,torreycraig,G-F,30,MIL,2,0,6.5,0.0,0.5,.000,0.0,0.0,,0.0,0.5,.000,.000,0.0,0.0,,0.0,2.0,2.0,1.0,0.0,0.5,0.5,1.0,0.0
95,2021,jaecrowder,F,30,PHO,4,4,26.3,3.8,9.0,.417,2.3,6.3,.360,1.5,2.8,.545,.542,1.3,1.5,.833,0.5,5.0,5.5,2.5,0.5,0.0,0.5,1.3,11.0
96,2021,jarrettculver,SG,21,MIN,4,1,23.8,3.0,8.5,.353,0.8,2.8,.273,2.3,5.8,.391,.397,1.3,1.8,.714,2.8,4.8,7.5,0.5,0.8,0.5,1.5,2.0,8.0
97,2021,sethcurry,G,30,PHI,4,4,29.8,4.3,8.5,.500,2.3,5.0,.450,2.0,3.5,.571,.632,3.0,3.0,1.000,0.3,2.5,2.8,3.8,1.0,0.3,1.5,2.5,13.8
98,2021,stephencurry,PG,32,GSW,4,4,32.8,8.3,20.0,.413,3.5,11.0,.318,4.8,9.0,.528,.500,6.5,6.5,1.000,0.8,3.0,3.8,7.0,1.8,0.5,4.3,2.3,26.5
99,2021,anthonydavis,PF,27,LAL,4,4,32.8,8.3,15.0,.550,0.8,2.3,.333,7.5,12.8,.588,.575,2.5,3.3,.769,0.8,7.5,8.3,3.8,0.8,0.5,2.5,1.8,19.8
100,2021,eddavis,F,31,MIN,3,0,8.3,0.7,2.0,.333,0.0,0.0,,0.7,2.0,.333,.333,0.0,0.0,,2.7,1.7,4.3,0.7,0.0,0.7,0.7,1.3,1.3
101,2021,terencedavis,SG,23,TOR,1,0,3.0,0.0,0.0,,0.0,0.0,,0.0,0.0,,,0.0,0.0,,0.0,0.0,0.0,0.0,0.0,0.0,1.0,0.0,0.0
102,2021,demarderozan,SF,31,SAS,4,4,34.5,6.8,13.8,.491,1.0,2.3,.444,5.8,11.5,.500,.527,7.0,8.0,.875,0.8,4.8,5.5,8.3,1.0,0.8,1.8,2.5,21.5
103,2021,hamidoudiallo,SF,22,OKC,3,0,20.7,4.0,8.0,.500,0.0,0.3,.000,4.0,7.7,.522,.500,1.3,2.3,.571,1.7,5.0,6.7,1.0,1.3,0.7,1.7,2.0,9.3
104,2021,,,,,,,,,,,,,,,,,,,,,,,,,,,,,
105,2021,gorguidieng,C,31,MEM,4,0,14.0,3.3,6.3,.520,1.3,3.3,.385,2.0,3.0,.667,.620,0.8,0.8,1.000,1.0,2.5,3.5,1.0,0.8,0.8,0.8,1.3,8.5
106,2021,spencerdinwiddie,PG,27,BRK,3,3,21.3,2.0,5.3,.375,0.7,2.3,.286,1.3,3.0,.444,.438,2.0,2.0,1.000,0.0,4.3,4.3,3.0,0.7,0.3,1.7,1.3,6.7
107,2021,dontedivincenzo,SG,24,MIL,5,5,24.0,5.2,9.6,.542,3.2,5.2,.615,2.0,4.4,.455,.708,0.4,0.6,.667,1.4,2.0,3.4,1.4,1.8,0.2,1.6,1.6,14.0
108,2021,lukadončić,PG,21,DAL,4,4,30.0,8.0,18.3,.438,0.5,5.3,.095,7.5,13.0,.577,.452,7.3,9.0,.806,0.5,5.3,5.8,6.3,0.8,0.3,2.3,1.3,23.8
109,2021,luguentzdort,SF,21,OKC,3,3,31.7,6.7,12.3,.541,3.0,6.3,.474,3.7,6.0,.611,.662,2.3,3.3,.700,1.3,2.3,3.7,1.0,1.0,0.3,1.0,3.0,18.7
110,2021,damyeandotson,SG,26,CLE,3,0,18.7,1.3,3.7,.364,0.7,2.7,.250,0.7,1.0,.667,.455,0.0,0.0,,0.0,1.3,1.3,1.0,0.7,0.0,0.7,0.0,3.3
111,2021,sekoudoumbouya,PF,20,DET,4,0,10.8,1.5,5.0,.300,0.3,1.0,.250,1.3,4.0,.313,.325,1.0,1.3,.800,1.3,2.3,3.5,0.3,0.3,0.0,0.0,0.5,4.3
112,2021,pjdozier,SG,24,DEN,4,0,17.5,2.5,4.8,.526,0.8,1.3,.600,1.8,3.5,.500,.605,0.5,0.8,.667,1.3,2.8,4.0,1.0,0.3,1.3,0.8,1.0,6.3
113,2021,gorandragić,PG,34,MIA,4,0,22.3,6.0,10.8,.558,1.3,3.8,.333,4.8,7.0,.679,.616,3.3,4.0,.813,0.5,2.3,2.8,4.8,1.3,0.0,2.8,1.8,16.5
114,2021,andredrummond,C,27,CLE,4,4,32.5,8.0,17.5,.457,0.0,1.0,.000,8.0,16.5,.485,.457,3.8,7.0,.536,4.0,11.3,15.3,3.5,2.8,2.8,3.5,2.5,19.8
115,2021,jareddudley,PF,35,LAL,3,0,3.7,0.3,0.3,1.000,0.3,0.3,1.000,0.0,0.0,,1.500,0.0,0.0,,0.3,1.3,1.7,0.0,0.0,0.0,0.0,0.0,1.0
116,2021,kevindurant,SF,32,BRK,4,4,32.5,9.0,17.3,.522,2.8,4.8,.579,6.3,12.5,.500,.601,7.5,8.5,.882,0.5,5.3,5.8,4.5,1.5,0.8,2.5,2.5,28.3
117,2021,anthonyedwards,G,19,MIN,4,0,25.3,5.8,13.8,.418,2.0,6.0,.333,3.8,7.8,.484,.491,1.5,1.5,1.000,1.0,1.3,2.3,1.8,0.8,0.3,0.5,2.0,15.0
118,2021,carsenedwards,SG,22,BOS,2,0,7.5,2.0,4.5,.444,0.5,1.5,.333,1.5,3.0,.500,.500,0.0,0.0,,0.5,1.0,1.5,1.0,0.0,0.5,0.5,1.0,4.5
119,2021,cjelleby,F,20,POR,2,0,6.5,1.0,2.5,.400,0.0,1.5,.000,1.0,1.0,1.000,.400,0.0,0.5,.000,0.5,0.5,1.0,0.5,0.0,0.0,0.0,1.5,2.0
120,2021,wayneellington,SG,33,DET,1,0,21.0,4.0,10.0,.400,2.0,7.0,.286,2.0,3.0,.667,.500,1.0,1.0,1.000,1.0,0.0,1.0,0.0,0.0,0.0,1.0,2.0,11.0
121,2021,joelembiid,C,26,PHI,3,3,34.3,9.0,18.0,.500,1.3,3.7,.364,7.7,14.3,.535,.537,9.0,10.7,.844,3.3,10.0,13.3,2.7,1.0,1.3,3.0,2.3,28.3
122,2021,dreweubanks,C,23,SAS,1,0,24.0,2.0,8.0,.250,0.0,0.0,,2.0,8.0,.250,.250,0.0,0.0,,1.0,4.0,5.0,0.0,0.0,2.0,0.0,5.0,4.0
123,2021,danteexum,SG,25,CLE,3,0,17.3,1.7,4.3,.385,0.0,1.7,.000,1.7,2.7,.625,.385,0.0,0.0,,0.3,2.3,2.7,4.0,1.0,0.3,0.7,2.0,3.3
124,2021,tackofall,C,25,BOS,1,0,6.0,0.0,1.0,.000,0.0,0.0,,0.0,1.0,.000,.000,2.0,2.0,1.000,1.0,0.0,1.0,0.0,0.0,2.0,0.0,0.0,2.0
125,2021,,,,,,,,,,,,,,,,,,,,,,,,,,,,,
126,2021,derrickfavors,F-C,29,UTA,3,0,15.0,3.0,4.0,.750,0.0,0.0,,3.0,4.0,.750,.750,1.0,1.3,.750,1.7,3.7,5.3,1.7,0.7,0.0,1.0,3.3,7.0
127,2021,terranceferguson,G-F,22,PHI,1,0,7.0,0.0,2.0,.000,0.0,2.0,.000,0.0,0.0,,.000,0.0,0.0,,0.0,0.0,0.0,1.0,0.0,0.0,0.0,1.0,0.0
128,2021,brunofernando,C,22,ATL,4,0,13.0,1.0,1.5,.667,0.0,0.0,,1.0,1.5,.667,.667,0.5,0.8,.667,1.8,4.8,6.5,1.0,0.5,0.3,1.8,1.0,2.5
129,2021,dorianfinneysmith,PF,27,DAL,4,4,26.8,3.0,8.0,.375,1.5,5.5,.273,1.5,2.5,.600,.469,1.0,1.0,1.000,1.3,3.0,4.3,1.0,1.5,0.3,0.5,2.5,8.5
130,2021,malachiflynn,G,22,TOR,1,0,1.0,0.0,1.0,.000,0.0,1.0,.000,0.0,0.0,,.000,0.0,0.0,,0.0,0.0,0.0,0.0,0.0,0.0,0.0,0.0,0.0
131,2021,brynforbes,G,27,MIL,5,0,15.6,2.6,5.6,.464,1.2,3.2,.375,1.4,2.4,.583,.571,0.2,0.6,.333,0.2,1.0,1.2,0.2,0.0,0.0,0.6,1.4,6.6
132,2021,evanfournier,SF,28,ORL,4,4,29.8,5.5,10.5,.524,2.0,5.3,.381,3.5,5.3,.667,.619,4.8,5.5,.864,0.5,1.3,1.8,2.0,1.8,0.0,2.3,3.0,17.8
133,2021,de'aaronfox,PG,23,SAC,4,4,33.8,6.8,15.3,.443,1.5,3.8,.400,5.3,11.5,.457,.492,5.3,6.5,.808,1.0,1.8,2.8,6.8,1.0,1.0,3.5,2.8,20.3
134,2021,markellefultz,PG,22,ORL,4,4,30.3,7.0,16.3,.431,0.8,2.5,.300,6.3,13.8,.455,.454,3.5,3.8,.933,1.3,2.5,3.8,5.8,1.0,0.3,2.0,2.8,18.3
135,2021,danielgafford,PF,22,CHI,3,0,11.7,1.0,2.7,.375,0.0,0.0,,1.0,2.7,.375,.375,1.7,3.3,.500,0.7,1.3,2.0,0.0,0.0,1.0,0.0,1.3,3.7
136,2021,danilogallinari,PF,32,ATL,2,1,14.0,3.0,4.0,.750,1.0,1.5,.667,2.0,2.5,.800,.875,2.0,2.0,1.000,0.0,2.5,2.5,1.5,0.0,0.0,1.5,1.0,9.0
137,2021,langstongalloway,G,29,PHO,4,0,11.0,2.0,4.0,.500,1.3,2.8,.455,0.8,1.3,.600,.656,0.5,0.5,1.000,0.0,0.3,0.3,0.5,0.0,0.0,0.0,0.3,5.8
138,2021,dariusgarland,SG,21,CLE,4,4,35.8,7.3,15.0,.483,2.5,5.5,.455,4.8,9.5,.500,.567,1.5,1.5,1.000,0.8,3.3,4.0,7.8,1.8,0.3,1.8,3.0,18.5
139,2021,marcgasol,C,36,LAL,5,5,18.4,1.6,2.2,.727,0.6,1.0,.600,1.0,1.2,.833,.864,0.8,1.0,.800,1.2,4.6,5.8,2.2,0.2,1.2,1.8,2.8,4.6
140,2021,rudygay,PF,34,SAS,4,0,25.5,4.5,11.3,.400,1.5,6.0,.250,3.0,5.3,.571,.467,1.5,2.0,.750,0.8,4.5,5.3,1.5,0.8,1.5,1.3,1.5,12.0
141,2021,paulgeorge,SG,30,LAC,5,5,30.8,7.8,14.4,.542,3.6,7.6,.474,4.2,6.8,.618,.667,3.2,3.6,.889,0.0,5.8,5.8,5.6,0.8,0.4,4.4,1.8,22.4
142,2021,harrygiles,F-C,22,POR,2,0,6.5,2.0,3.0,.667,0.5,1.0,.500,1.5,2.0,.750,.750,0.5,1.0,.500,0.0,3.5,3.5,0.0,0.0,1.0,0.5,0.5,5.0
143,2021,shaigilgeousalexander,SG,22,OKC,3,3,34.7,8.3,17.0,.490,1.7,5.3,.313,6.7,11.7,.571,.539,5.0,6.3,.789,0.7,5.0,5.7,7.7,0.3,0.7,4.7,2.7,23.3
144,2021,anthonygill,F,28,WAS,1,0,3.0,1.0,1.0,1.000,1.0,1.0,1.000,0.0,0.0,,1.500,0.0,0.0,,0.0,0.0,0.0,0.0,0.0,0.0,0.0,0.0,3.0
145,2021,rudygobert,C,28,UTA,3,3,31.3,7.0,9.3,.750,0.0,0.0,,7.0,9.3,.750,.750,2.7,4.0,.667,3.7,10.7,14.3,2.7,0.7,1.7,2.3,2.3,16.7
146,2021,,,,,,,,,,,,,,,,,,,,,,,,,,,,,
147,2021,brandongoodwin,PG,25,ATL,2,0,12.5,1.0,4.0,.250,1.0,2.5,.400,0.0,1.5,.000,.375,1.0,2.0,.500,0.5,0.5,1.0,2.0,0.0,0.0,0.5,2.0,4.0
148,2021,aarongordon,PF,25,ORL,4,4,24.5,5.0,9.3,.541,0.5,2.5,.200,4.5,6.8,.667,.568,2.3,3.5,.643,1.0,5.8,6.8,1.3,1.3,0.3,1.3,2.3,12.8
149,2021,devonte'graham,PG,25,CHO,4,4,34.0,4.0,13.0,.308,2.5,7.5,.333,1.5,5.5,.273,.404,1.0,1.5,.667,0.8,2.8,3.5,7.0,1.3,0.0,1.3,2.0,11.5
150,2021,jeramigrant,PF,26,DET,4,4,37.3,7.8,16.5,.470,2.8,7.5,.367,5.0,9.0,.556,.553,4.5,5.3,.857,1.3,4.8,6.0,1.8,1.0,1.8,1.3,3.3,22.8
151,2021,dannygreen,G-F,33,PHI,4,4,23.0,1.8,5.3,.333,0.8,3.8,.200,1.0,1.5,.667,.405,0.5,0.5,1.000,0.8,1.8,2.5,1.5,2.0,0.8,1.3,1.5,4.8
152,2021,javontegreen,SG,27,BOS,2,0,12.5,2.0,4.0,.500,0.5,1.5,.333,1.5,2.5,.600,.563,0.0,0.0,,1.5,1.0,2.5,0.5,0.0,0.0,0.5,0.0,4.5
153,2021,jeffgreen,PF,34,BRK,5,0,16.4,1.8,3.2,.563,0.8,1.8,.444,1.0,1.4,.714,.688,0.0,0.2,.000,0.2,1.2,1.4,1.0,0.4,0.2,0.2,1.8,4.4
154,2021,joshgreen,SG,20,DAL,4,0,7.5,0.5,1.0,.500,0.0,0.0,,0.5,1.0,.500,.500,0.5,0.5,1.000,0.3,0.8,1.0,0.5,0.0,0.0,0.5,0.0,1.5
155,2021,blakegriffin,PF,31,DET,3,3,32.0,5.7,12.3,.459,3.3,7.7,.435,2.3,4.7,.500,.595,1.7,2.3,.714,0.0,6.0,6.0,3.0,1.3,0.0,1.7,1.3,16.3
156,2021,kyleguy,SG,23,SAC,1,0,6.0,1.0,2.0,.500,1.0,1.0,1.000,0.0,1.0,.000,.750,2.0,2.0,1.000,0.0,2.0,2.0,1.0,0.0,0.0,0.0,0.0,5.0
157,2021,tyresehaliburton,G,20,SAC,4,0,27.0,3.5,6.3,.560,2.0,4.0,.500,1.5,2.3,.667,.720,1.5,1.5,1.000,0.8,1.3,2.0,5.3,0.8,0.5,0.8,1.3,10.5
158,2021,joshhall,F,20,OKC,1,0,1.0,0.0,1.0,.000,0.0,0.0,,0.0,1.0,.000,.000,0.0,0.0,,0.0,0.0,0.0,0.0,0.0,0.0,0.0,0.0,0.0
159,2021,rjhampton,PG,19,DEN,2,0,2.5,0.5,0.5,1.000,0.0,0.0,,0.5,0.5,1.000,1.000,0.0,0.0,,0.0,0.5,0.5,0.0,0.0,0.0,0.0,0.5,1.0
160,2021,timhardawayjr,SG,28,DAL,4,4,26.3,5.3,11.5,.457,2.8,6.8,.407,2.5,4.8,.526,.576,1.3,2.3,.556,0.3,3.5,3.8,1.3,1.0,0.0,0.3,1.0,14.5
161,2021,jamesharden,SG,31,HOU,2,2,37.5,11.0,18.5,.595,5.5,11.0,.500,5.5,7.5,.733,.743,11.5,12.5,.920,0.5,4.5,5.0,12.5,1.0,0.0,5.0,1.5,39.0
162,2021,mauriceharkless,F-G,27,MIA,4,2,9.0,0.3,1.3,.200,0.3,0.8,.333,0.0,0.5,.000,.300,0.0,0.0,,0.0,1.0,1.0,0.3,0.0,0.0,0.5,0.8,0.8
163,2021,jaredharper,G,23,NYK,1,0,2.0,0.0,1.0,.000,0.0,0.0,,0.0,1.0,.000,.000,0.0,0.0,,0.0,0.0,0.0,0.0,0.0,0.0,0.0,0.0,0.0
164,2021,montrezlharrell,F-C,27,LAL,5,0,26.2,5.4,8.0,.675,0.0,0.4,.000,5.4,7.6,.711,.675,3.2,4.6,.696,2.8,3.8,6.6,1.8,0.4,0.4,1.4,2.2,14.0
165,2021,garyharris,SG,26,DEN,4,4,31.0,4.0,8.8,.457,0.8,4.3,.176,3.3,4.5,.722,.500,0.5,0.8,.667,0.3,1.5,1.8,1.5,1.3,0.3,1.0,1.5,9.3
166,2021,joeharris,SF,29,BRK,5,5,30.4,5.0,10.0,.500,3.0,5.6,.536,2.0,4.4,.455,.650,0.8,1.2,.667,1.4,2.6,4.0,1.6,0.2,0.4,1.0,2.8,13.8
167,2021,,,,,,,,,,,,,,,,,,,,,,,,,,,,,
168,2021,tobiasharris,PF,28,PHI,4,4,32.0,6.5,14.3,.456,2.0,5.0,.400,4.5,9.3,.486,.526,2.3,2.5,.900,2.0,6.3,8.3,2.5,1.3,1.3,1.8,2.0,17.3
169,2021,shaquilleharrison,G,27,UTA,1,0,3.0,0.0,0.0,,0.0,0.0,,0.0,0.0,,,0.0,0.0,,0.0,0.0,0.0,0.0,0.0,0.0,0.0,0.0,0.0
170,2021,joshhart,SF,25,NOP,4,0,27.5,2.8,5.8,.478,1.0,3.3,.308,1.8,2.5,.700,.565,1.8,2.5,.700,1.0,6.5,7.5,0.3,0.8,0.0,0.5,2.3,8.3
171,2021,isaiahhartenstein,C,22,DEN,4,0,9.3,2.0,4.3,.471,0.0,0.0,,2.0,4.3,.471,.471,1.0,2.0,.500,1.8,2.0,3.8,0.5,0.3,0.8,1.3,2.5,5.0
172,2021,jaxsonhayes,C,20,NOP,4,0,9.5,0.5,1.0,.500,0.0,0.0,,0.5,1.0,.500,.500,0.5,0.5,1.000,0.8,2.0,2.8,0.8,0.3,0.5,0.8,1.3,1.5
173,2021,killianhayes,PG,19,DET,4,4,21.8,2.0,7.3,.276,0.8,3.3,.231,1.3,4.0,.313,.328,0.3,0.5,.500,0.3,1.3,1.5,3.5,0.5,0.0,2.5,2.0,5.0
174,2021,gordonhayward,SF,30,CHO,4,4,34.3,8.0,16.8,.478,1.8,5.5,.318,6.3,11.3,.556,.530,2.0,2.3,.889,0.5,5.0,5.5,6.0,1.3,0.0,2.3,3.0,19.8
175,2021,juanhernangómez,PF,25,MIN,4,0,12.3,0.8,4.3,.176,0.3,2.5,.100,0.5,1.8,.286,.206,0.3,0.8,.333,0.8,2.5,3.3,0.0,0.5,0.3,0.5,0.5,2.0
176,2021,willyhernangómez,C,26,NOP,1,0,7.0,0.0,1.0,.000,0.0,0.0,,0.0,1.0,.000,.000,1.0,4.0,.250,0.0,4.0,4.0,1.0,0.0,0.0,0.0,0.0,1.0
177,2021,tylerherro,SG,21,MIA,4,4,34.0,6.5,13.3,.491,2.0,5.8,.348,4.5,7.5,.600,.566,2.0,2.5,.800,0.3,6.3,6.5,4.5,0.5,0.0,3.0,2.3,17.0
178,2021,buddyhield,SG,28,SAC,4,4,36.0,5.3,13.8,.382,3.3,8.5,.382,2.0,5.3,.381,.500,2.5,3.0,.833,0.8,3.3,4.0,2.3,0.8,0.3,1.8,3.3,16.3
179,2021,georgehill,G,34,OKC,2,2,24.5,6.5,11.0,.591,2.0,4.0,.500,4.5,7.0,.643,.682,2.5,3.5,.714,2.0,2.5,4.5,3.5,1.5,0.0,0.5,1.0,17.5
180,2021,solomonhill,PF,29,ATL,4,0,19.5,2.3,5.5,.409,2.0,4.5,.444,0.3,1.0,.250,.591,0.3,0.3,1.000,0.5,1.8,2.3,0.0,0.3,0.5,1.3,2.5,6.8
181,2021,aaronholiday,PG,24,IND,4,1,18.0,2.8,6.5,.423,0.5,2.5,.200,2.3,4.0,.563,.462,0.0,0.0,,0.5,1.5,2.0,1.8,1.5,0.3,1.0,2.5,6.0
182,2021,jrueholiday,G,30,MIL,5,5,30.4,6.6,12.8,.516,2.0,5.2,.385,4.6,7.6,.605,.594,1.2,1.2,1.000,1.2,3.0,4.2,5.2,1.8,0.8,1.8,2.0,16.4
183,2021,justinholiday,SF,31,IND,4,0,26.8,3.5,6.8,.519,0.8,3.5,.214,2.8,3.3,.846,.574,1.3,1.8,.714,0.3,2.5,2.8,0.8,1.8,0.3,1.0,3.3,9.0
184,2021,richaunholmes,C,27,SAC,4,4,26.0,4.8,7.3,.655,0.0,0.0,,4.8,7.3,.655,.655,1.8,2.0,.875,3.3,5.3,8.5,1.3,1.3,0.8,2.0,4.0,11.3
185,2021,rodneyhood,SF,28,POR,4,0,15.0,1.0,3.5,.286,0.8,1.5,.500,0.3,2.0,.125,.393,0.0,0.0,,0.0,1.5,1.5,1.8,0.8,0.0,1.0,0.8,2.8
186,2021,alhorford,C-F,34,OKC,2,2,29.0,2.5,7.5,.333,1.5,4.5,.333,1.0,3.0,.333,.433,0.5,0.5,1.000,0.0,9.0,9.0,3.5,0.5,0.5,1.0,0.5,7.0
187,2021,talenhortontucker,SG,20,LAL,4,0,12.0,2.5,5.5,.455,0.8,2.0,.375,1.8,3.5,.500,.523,1.5,1.5,1.000,0.3,1.3,1.5,1.3,1.0,0.5,0.5,1.8,7.3
188,2021,,,,,,,,,,,,,,,,,,,,,,,,,,,,,
189,2021,danuelhouse,SF,27,HOU,2,2,33.5,2.0,8.5,.235,0.5,4.5,.111,1.5,4.0,.375,.265,2.5,4.0,.625,0.0,3.5,3.5,3.5,0.5,0.0,0.5,3.0,7.0
190,2021,dwighthoward,C,35,PHI,4,1,13.5,2.5,3.3,.769,0.0,0.0,,2.5,3.3,.769,.769,0.5,0.8,.667,1.8,3.8,5.5,0.5,0.3,0.8,2.0,3.3,5.5
191,2021,markushoward,G,21,DEN,2,0,0.5,0.0,0.5,.000,0.0,0.5,.000,0.0,0.0,,.000,0.0,0.0,,0.0,0.0,0.0,0.0,0.0,0.0,0.0,0.0,0.0
192,2021,kevinhuerter,SG,22,ATL,4,0,25.5,4.3,9.0,.472,2.0,4.5,.444,2.3,4.5,.500,.583,1.5,1.8,.857,0.8,1.5,2.3,3.5,1.0,0.0,1.0,2.5,12.0
193,2021,elijahhughes,F,22,UTA,1,0,3.0,0.0,1.0,.000,0.0,0.0,,0.0,1.0,.000,.000,3.0,4.0,.750,0.0,1.0,1.0,1.0,0.0,0.0,0.0,0.0,3.0
194,2021,de'andrehunter,SF,23,ATL,4,4,31.8,4.5,10.3,.439,2.3,5.3,.429,2.3,5.0,.450,.549,0.8,1.3,.600,0.8,6.3,7.0,2.5,0.3,0.5,1.3,4.0,12.0
195,2021,chandlerhutchison,SF,24,CHI,4,0,13.0,1.3,4.0,.313,0.3,0.8,.333,1.0,3.3,.308,.344,0.5,0.5,1.000,0.3,4.0,4.3,1.0,0.3,0.0,0.8,1.8,3.3
196,2021,sergeibaka,F-C,31,LAC,5,5,21.2,5.6,10.0,.560,1.4,3.2,.438,4.2,6.8,.618,.630,1.4,2.0,.700,1.0,5.6,6.6,2.0,0.2,1.2,0.8,2.6,14.0
197,2021,andreiguodala,SF,37,MIA,3,1,21.0,0.7,3.3,.200,0.7,2.7,.250,0.0,0.7,.000,.300,0.0,0.0,,0.7,4.3,5.0,1.7,0.7,0.7,2.3,2.3,2.0
198,2021,joeingles,PF,33,UTA,3,0,24.3,3.3,7.3,.455,1.7,5.0,.333,1.7,2.3,.714,.568,1.0,1.0,1.000,0.3,3.3,3.7,3.3,0.7,0.3,2.3,2.0,9.3
199,2021,brandoningram,PF,23,NOP,4,4,34.5,8.0,17.5,.457,2.5,6.0,.417,5.5,11.5,.478,.529,4.8,5.8,.826,0.5,6.5,7.0,6.5,1.0,0.5,3.5,0.8,23.3
200,2021,kyrieirving,PG,28,BRK,4,4,32.3,10.8,20.3,.531,4.3,9.0,.472,6.5,11.3,.578,.636,2.5,2.5,1.000,0.5,3.3,3.8,6.0,1.0,0.0,1.8,3.0,28.3
201,2021,wesleyiwundu,SF,26,DAL,3,0,6.0,2.0,3.3,.600,0.3,1.0,.333,1.7,2.3,.714,.650,0.3,0.7,.500,0.0,0.3,0.3,0.0,0.3,0.0,0.0,0.3,4.7
202,2021,joshjackson,SF,23,DET,4,2,26.3,6.8,13.3,.509,1.5,5.5,.273,5.3,7.8,.677,.566,2.3,3.5,.643,0.8,5.3,6.0,2.0,1.0,0.8,1.8,3.3,17.3
203,2021,justinjackson,G-F,25,OKC,1,1,29.0,3.0,6.0,.500,0.0,3.0,.000,3.0,3.0,1.000,.500,2.0,2.0,1.000,0.0,2.0,2.0,3.0,0.0,0.0,4.0,0.0,8.0
204,2021,reggiejackson,SG,30,LAC,5,0,17.0,2.6,6.0,.433,1.4,3.8,.368,1.2,2.2,.545,.550,0.4,1.0,.400,0.2,1.8,2.0,2.0,0.8,0.2,0.4,1.6,7.0
205,2021,justinjames,SF,24,SAC,1,0,3.0,0.0,0.0,,0.0,0.0,,0.0,0.0,,,0.0,0.0,,0.0,0.0,0.0,1.0,0.0,0.0,0.0,0.0,0.0
206,2021,lebronjames,PG,36,LAL,5,5,31.4,8.6,18.2,.473,2.2,6.2,.355,6.4,12.0,.533,.533,4.0,5.6,.714,1.0,6.0,7.0,6.8,1.0,0.4,3.4,1.2,23.4
207,2021,isaiahjoe,G,21,PHI,1,0,7.0,1.0,2.0,.500,0.0,1.0,.000,1.0,1.0,1.000,.500,0.0,0.0,,0.0,1.0,1.0,1.0,1.0,0.0,0.0,0.0,2.0
208,2021,cameronjohnson,PF,24,PHO,4,0,23.5,5.3,10.3,.512,2.5,6.3,.400,2.8,4.0,.688,.634,2.5,2.5,1.000,0.3,2.3,2.5,0.8,1.0,0.5,0.0,1.5,15.5
209,2021,,,,,,,,,,,,,,,,,,,,,,,,,,,,,
210,2021,jamesjohnson,PF,33,DAL,4,0,16.3,1.3,3.8,.333,0.3,1.3,.200,1.0,2.5,.400,.367,1.3,2.0,.625,1.0,3.5,4.5,3.0,1.5,0.3,0.3,1.5,4.0
211,2021,keldonjohnson,SF,21,SAS,4,4,29.0,4.5,11.0,.409,1.0,3.0,.333,3.5,8.0,.438,.455,2.3,2.8,.818,1.3,5.8,7.0,2.8,1.3,0.8,2.0,2.3,12.3
212,2021,stanleyjohnson,PF,24,TOR,2,0,11.5,1.5,3.5,.429,0.5,1.5,.333,1.0,2.0,.500,.500,0.0,0.0,,1.0,3.0,4.0,0.0,1.0,0.5,0.5,1.5,3.5
213,2021,tylerjohnson,SG,28,BRK,2,0,4.0,0.5,1.0,.500,0.5,0.5,1.000,0.0,0.5,.000,.750,0.0,0.0,,0.5,0.0,0.5,0.0,0.5,0.0,0.0,0.0,1.5
214,2021,nikolajokić,C,25,DEN,4,4,38.3,8.8,14.0,.625,1.0,2.5,.400,7.8,11.5,.674,.661,6.0,7.5,.800,2.8,8.8,11.5,13.5,1.5,0.8,6.0,2.8,24.5
215,2021,damianjones,F-C,25,PHO,4,0,7.5,0.3,0.8,.333,0.0,0.0,,0.3,0.8,.333,.333,0.0,0.0,,0.8,0.8,1.5,0.0,0.3,0.5,0.5,1.8,0.5
216,2021,derrickjonesjr,F,23,POR,4,4,33.5,2.0,7.0,.286,1.0,3.3,.308,1.0,3.8,.267,.357,1.5,2.5,.600,0.8,3.0,3.8,0.5,0.5,1.0,0.5,3.0,6.5
217,2021,trejones,G,21,SAS,1,0,1.0,1.0,2.0,.500,0.0,0.0,,1.0,2.0,.500,.500,0.0,0.0,,0.0,0.0,0.0,0.0,0.0,0.0,0.0,0.0,2.0
218,2021,tyusjones,PG,24,MEM,4,1,21.8,2.5,7.0,.357,0.0,1.8,.000,2.5,5.3,.476,.357,0.5,0.8,.667,0.3,2.0,2.3,2.5,1.0,0.5,1.0,0.5,5.5
219,2021,deandrejordan,C,32,BRK,5,5,20.0,1.6,2.2,.727,0.0,0.0,,1.6,2.2,.727,.727,0.4,1.6,.250,1.2,6.8,8.0,2.0,0.4,1.8,2.0,2.8,3.6
220,2021,coryjoseph,PG,29,SAC,4,0,23.0,2.8,7.0,.393,1.0,3.0,.333,1.8,4.0,.438,.464,2.0,2.5,.800,0.0,2.0,2.0,2.3,0.8,0.8,1.0,2.8,8.5
221,2021,mfiondukabengele,C,23,LAC,5,0,6.2,0.2,1.8,.111,0.2,1.2,.167,0.0,0.6,.000,.167,0.4,0.4,1.000,0.0,0.8,0.8,0.4,0.4,0.2,0.4,1.4,1.0
222,2021,frankkaminsky,C,27,PHO,3,0,9.7,2.0,5.0,.400,0.3,1.0,.333,1.7,4.0,.417,.433,0.3,0.7,.500,0.7,1.0,1.7,0.7,0.0,0.3,0.3,0.7,4.7
223,2021,eneskanter,C,28,POR,4,0,22.8,5.3,7.5,.700,0.0,0.0,,5.3,7.5,.700,.700,1.0,1.0,1.000,3.0,7.3,10.3,0.0,0.3,0.3,0.8,1.8,11.5
224,2021,lukekennard,G,24,LAC,5,2,23.4,3.0,7.4,.405,1.4,3.6,.389,1.6,3.8,.421,.500,0.4,0.4,1.000,0.0,2.6,2.6,2.0,0.6,0.2,1.8,2.0,7.8
225,2021,maxikleber,PF,29,DAL,4,0,21.3,2.0,4.3,.471,2.0,4.0,.500,0.0,0.3,.000,.706,2.0,2.0,1.000,0.8,4.0,4.8,0.8,0.5,0.8,0.8,1.8,8.0
226,2021,nathanknight,PF,23,ATL,2,0,7.0,2.0,3.5,.571,1.0,1.5,.667,1.0,2.0,.500,.714,2.0,2.5,.800,1.5,1.5,3.0,0.0,0.0,0.0,1.5,1.5,7.0
227,2021,kevinknox,SF,21,NYK,4,0,22.5,2.5,5.5,.455,1.0,2.5,.400,1.5,3.0,.500,.545,0.0,0.3,.000,0.8,2.3,3.0,1.3,0.8,0.5,1.3,2.3,6.0
228,2021,johnkonchar,SG,24,MEM,3,0,18.0,2.0,4.3,.462,0.7,1.7,.400,1.3,2.7,.500,.538,1.3,1.3,1.000,0.3,2.7,3.0,1.7,1.3,0.3,0.3,0.7,6.0
229,2021,furkankorkmaz,SG,23,PHI,3,0,18.3,2.0,8.0,.250,1.3,5.3,.250,0.7,2.7,.250,.333,0.7,0.7,1.000,0.0,2.0,2.0,1.0,0.7,0.7,2.0,0.7,6.0
230,2021,,,,,,,,,,,,,,,,,,,,,,,,,,,,,
231,2021,rodionskurucs,PF,22,BRK,2,0,4.5,0.5,1.0,.500,0.5,0.5,1.000,0.0,0.5,.000,.750,0.0,0.0,,0.0,1.0,1.0,0.0,0.0,0.0,0.0,0.5,1.5
232,2021,kylekuzma,PF,25,LAL,5,1,25.0,4.6,10.0,.460,2.2,5.0,.440,2.4,5.0,.480,.570,0.6,0.8,.750,0.6,2.6,3.2,1.8,0.2,1.0,1.4,1.8,12.0
233,2021,zachlavine,SG,25,CHI,4,4,31.8,8.0,17.5,.457,2.8,8.3,.333,5.3,9.3,.568,.536,5.0,5.8,.870,0.8,3.0,3.8,3.0,2.0,0.5,4.5,3.5,23.8
234,2021,jakelayman,SF,26,MIN,4,3,14.5,1.5,3.8,.400,0.0,0.8,.000,1.5,3.0,.500,.400,0.5,0.5,1.000,0.0,1.3,1.3,0.5,0.5,0.5,0.0,1.5,3.5
235,2021,jalenlecque,G,20,IND,1,0,2.0,0.0,1.0,.000,0.0,0.0,,0.0,1.0,.000,.000,0.0,0.0,,1.0,1.0,2.0,0.0,0.0,0.0,0.0,0.0,0.0
236,2021,damionlee,SG,28,GSW,4,0,17.8,2.5,4.8,.526,2.3,3.8,.600,0.3,1.0,.250,.763,0.8,0.8,1.000,0.8,2.8,3.5,1.3,0.8,0.0,0.3,1.0,8.0
237,2021,alexlen,C,27,TOR,1,0,21.0,1.0,1.0,1.000,0.0,0.0,,1.0,1.0,1.000,1.000,0.0,2.0,.000,0.0,5.0,5.0,2.0,0.0,1.0,4.0,3.0,2.0
238,2021,kawhileonard,SF,29,LAC,3,3,31.7,9.0,19.0,.474,2.0,5.7,.353,7.0,13.3,.525,.526,5.0,5.3,.938,1.0,2.3,3.3,5.7,3.0,0.7,1.7,4.3,25.0
239,2021,meyersleonard,C,28,MIA,2,2,11.0,1.5,3.0,.500,1.5,3.0,.500,0.0,0.0,,.750,0.0,0.0,,0.0,1.5,1.5,0.5,0.0,0.0,0.5,2.5,4.5
240,2021,carislevert,SG,26,BRK,5,1,26.4,6.2,15.8,.392,1.8,5.8,.310,4.4,10.0,.440,.449,1.4,1.6,.875,1.0,3.6,4.6,6.2,1.6,0.6,2.6,1.6,15.6
241,2021,kiralewisjr,G,19,NOP,1,0,10.0,2.0,7.0,.286,0.0,2.0,.000,2.0,5.0,.400,.286,0.0,0.0,,0.0,0.0,0.0,1.0,1.0,0.0,0.0,0.0,4.0
242,2021,damianlillard,PG,30,POR,4,4,35.3,7.0,17.5,.400,2.8,9.5,.289,4.3,8.0,.531,.479,6.3,6.8,.926,0.5,4.0,4.5,6.3,0.8,0.5,3.8,1.0,23.0
243,2021,kevonlooney,PF,24,GSW,4,0,15.3,1.5,3.5,.429,0.0,0.5,.000,1.5,3.0,.500,.429,1.0,1.3,.800,1.0,2.5,3.5,2.0,0.3,0.0,0.5,1.8,4.0
244,2021,brooklopez,C,32,MIL,5,5,22.8,3.0,6.6,.455,1.0,2.8,.357,2.0,3.8,.526,.530,1.4,1.4,1.000,2.4,1.4,3.8,0.0,0.6,1.2,0.6,2.2,8.4
245,2021,robinlopez,C,32,WAS,4,0,16.0,2.3,3.8,.600,0.3,0.3,1.000,2.0,3.5,.571,.633,0.5,1.3,.400,1.3,3.0,4.3,0.0,0.0,0.5,1.3,2.8,5.3
246,2021,kevinlove,PF,32,CLE,2,2,23.0,3.0,9.0,.333,1.5,4.5,.333,1.5,4.5,.333,.417,2.0,2.5,.800,1.0,5.0,6.0,2.5,0.5,0.0,1.5,0.5,9.5
247,2021,kylelowry,PG,34,TOR,3,3,37.0,6.3,15.0,.422,3.0,7.7,.391,3.3,7.3,.455,.522,3.7,3.7,1.000,1.0,2.0,3.0,9.7,1.3,0.0,4.0,4.0,19.3
248,2021,timothéluwawucabarrot,SF,25,BRK,5,2,17.4,3.0,6.6,.455,1.6,4.0,.400,1.4,2.6,.538,.576,1.2,1.2,1.000,0.4,1.4,1.8,1.0,0.6,0.2,1.2,1.4,8.8
249,2021,treylyles,PF,25,SAS,2,0,5.0,0.5,1.0,.500,0.5,1.0,.500,0.0,0.0,,.750,0.0,0.0,,0.5,1.0,1.5,0.5,0.0,0.0,0.0,0.0,1.5
250,2021,thonmaker,C,23,CLE,1,0,6.0,1.0,1.0,1.000,0.0,0.0,,1.0,1.0,1.000,1.000,0.0,0.0,,1.0,1.0,2.0,0.0,0.0,0.0,1.0,2.0,2.0
251,2021,,,,,,,,,,,,,,,,,,,,,,,,,,,,,
252,2021,théomaledon,G,19,OKC,3,0,20.0,2.0,4.3,.462,0.7,2.7,.250,1.3,1.7,.800,.538,1.0,2.0,.500,0.0,0.3,0.3,2.3,1.0,0.0,3.0,1.7,5.7
253,2021,terancemann,SF,24,LAC,5,0,12.6,1.0,3.4,.294,0.0,0.4,.000,1.0,3.0,.333,.294,0.0,0.0,,0.6,1.6,2.2,1.0,0.0,0.2,0.4,1.4,2.0
254,2021,bobanmarjanović,C,32,DAL,3,0,7.0,2.0,3.3,.600,0.0,0.7,.000,2.0,2.7,.750,.600,0.0,0.7,.000,0.7,1.7,2.3,0.0,0.0,0.0,0.3,0.3,4.0
255,2021,laurimarkkanen,PF,23,CHI,4,4,26.5,5.5,11.0,.500,2.8,5.8,.478,2.8,5.3,.524,.625,3.5,4.5,.778,1.0,5.8,6.8,1.3,0.8,0.3,1.8,1.5,17.3
256,2021,calebmartin,SF,25,CHO,3,0,11.3,2.0,4.0,.500,0.3,1.0,.333,1.7,3.0,.556,.542,0.3,1.0,.333,0.3,1.3,1.7,1.3,1.3,0.0,0.3,1.0,4.7
257,2021,codymartin,SF,25,CHO,4,0,15.8,1.5,2.8,.545,0.0,0.8,.000,1.5,2.0,.750,.545,0.3,0.3,1.000,1.0,2.5,3.5,2.3,0.3,0.0,0.5,1.0,3.3
258,2021,kelanmartin,F,25,IND,1,0,2.0,1.0,1.0,1.000,0.0,0.0,,1.0,1.0,1.000,1.000,0.0,0.0,,0.0,0.0,0.0,0.0,1.0,0.0,0.0,0.0,2.0
259,2021,garrisonmathews,SG,24,WAS,1,0,0.0,0.0,0.0,,0.0,0.0,,0.0,0.0,,,0.0,0.0,,0.0,0.0,0.0,0.0,0.0,0.0,0.0,0.0,0.0
260,2021,dakotamathias,G,25,PHI,1,0,7.0,3.0,6.0,.500,2.0,4.0,.500,1.0,2.0,.500,.667,0.0,0.0,,0.0,1.0,1.0,2.0,0.0,0.0,0.0,0.0,8.0
261,2021,wesleymatthews,G,34,LAL,5,0,16.6,2.0,3.6,.556,1.2,2.8,.429,0.8,0.8,1.000,.722,0.0,0.2,.000,0.2,0.8,1.0,1.0,0.4,0.2,0.2,1.2,5.2
262,2021,tyresemaxey,G,20,PHI,4,0,12.3,1.8,5.3,.333,0.0,1.3,.000,1.8,4.0,.438,.333,0.0,0.0,,0.3,0.8,1.0,1.8,0.3,0.0,0.8,0.3,3.5
263,2021,skylarmays,SG,23,ATL,1,0,5.0,0.0,1.0,.000,0.0,1.0,.000,0.0,0.0,,.000,0.0,0.0,,0.0,0.0,0.0,0.0,0.0,0.0,0.0,1.0,0.0
264,2021,cjmccollum,SG,29,POR,4,4,35.8,9.8,22.0,.443,5.5,11.5,.478,4.3,10.5,.405,.568,3.0,3.3,.923,0.5,3.0,3.5,6.3,1.3,0.5,0.8,1.3,28.0
265,2021,tjmcconnell,PG,28,IND,4,0,18.0,1.5,2.8,.545,0.0,0.0,,1.5,2.8,.545,.545,0.3,0.5,.500,1.0,2.8,3.8,5.8,1.3,0.0,2.3,2.0,3.3
266,2021,jadenmcdaniels,F,20,MIN,2,0,7.5,1.5,2.0,.750,1.0,1.5,.667,0.5,0.5,1.000,1.000,0.5,1.0,.500,0.0,1.5,1.5,0.0,1.0,0.5,1.0,1.5,4.5
267,2021,jalenmcdaniels,SF,23,CHO,4,0,9.3,1.3,2.8,.455,0.3,0.8,.333,1.0,2.0,.500,.500,0.8,1.3,.600,0.3,1.8,2.0,0.8,0.3,0.0,1.5,1.5,3.5
268,2021,dougmcdermott,PF,29,IND,4,0,24.3,4.3,9.0,.472,1.3,4.8,.263,3.0,4.3,.706,.542,1.0,1.5,.667,1.0,3.0,4.0,1.5,0.5,0.0,0.5,1.5,10.8
269,2021,seanmcdermott,F,24,MEM,1,0,21.0,1.0,4.0,.250,0.0,2.0,.000,1.0,2.0,.500,.250,2.0,2.0,1.000,2.0,1.0,3.0,2.0,0.0,0.0,1.0,1.0,4.0
270,2021,javalemcgee,C,33,CLE,4,0,16.5,4.3,6.8,.630,0.8,1.3,.600,3.5,5.5,.636,.685,1.3,1.8,.714,1.5,4.5,6.0,0.8,0.5,1.0,1.8,3.0,10.5
271,2021,alfonzomckinnie,F,28,LAL,3,0,3.7,1.3,1.3,1.000,0.3,0.3,1.000,1.0,1.0,1.000,1.125,0.7,0.7,1.000,0.3,0.7,1.0,0.0,0.0,0.0,0.3,0.3,3.7
272,2021,,,,,,,,,,,,,,,,,,,,,,,,,,,,,
273,2021,jordanmclaughlin,PG,24,MIN,2,0,17.0,1.5,4.5,.333,0.0,1.5,.000,1.5,3.0,.500,.333,0.0,0.0,,0.0,1.5,1.5,5.0,0.0,0.0,1.0,0.5,3.0
274,2021,nicolòmelli,C,30,NOP,3,0,13.0,0.7,3.3,.200,0.3,2.3,.143,0.3,1.0,.333,.250,0.3,0.7,.500,0.3,3.0,3.3,1.0,0.3,0.0,1.0,1.3,2.0
275,2021,de'anthonymelton,PG,22,MEM,1,0,25.0,1.0,6.0,.167,1.0,3.0,.333,0.0,3.0,.000,.250,0.0,0.0,,0.0,2.0,2.0,1.0,0.0,2.0,0.0,1.0,3.0
276,2021,sammerrill,G,24,MIL,4,0,7.3,1.0,1.5,.667,1.0,1.0,1.000,0.0,0.5,.000,1.000,0.0,0.0,,0.8,1.3,2.0,1.8,0.3,0.0,0.3,0.3,3.0
277,2021,khrismiddleton,SF,29,MIL,5,5,31.6,8.2,16.2,.506,2.8,6.2,.452,5.4,10.0,.540,.593,3.4,3.4,1.000,1.0,5.6,6.6,6.4,1.0,0.0,2.2,2.6,22.6
278,2021,pattymills,PG,32,SAS,4,0,23.5,4.8,8.3,.576,2.8,4.8,.579,2.0,3.5,.571,.742,1.8,1.8,1.000,0.5,1.5,2.0,3.0,0.5,0.0,0.5,2.0,14.0
279,2021,paulmillsap,PF,35,DEN,4,4,27.8,4.5,7.5,.600,1.5,2.8,.545,3.0,4.8,.632,.700,1.5,2.5,.600,0.5,3.3,3.8,1.5,0.0,0.0,1.3,2.0,12.0
280,2021,shakemilton,SG,24,PHI,4,0,25.0,3.5,8.8,.400,1.0,3.8,.267,2.5,5.0,.500,.457,2.5,3.3,.769,0.0,1.0,1.0,1.8,1.3,0.0,1.0,2.8,10.5
281,2021,donovanmitchell,SG,24,UTA,3,3,34.3,6.7,20.7,.323,2.7,9.7,.276,4.0,11.0,.364,.387,4.3,5.7,.765,0.3,2.0,2.3,5.0,1.7,0.7,2.7,2.3,20.3
282,2021,adammokoka,SG,22,CHI,2,0,11.0,1.0,3.5,.286,0.0,2.0,.000,1.0,1.5,.667,.286,0.0,0.0,,0.5,0.5,1.0,1.0,0.5,0.5,0.5,1.5,2.0
283,2021,e'twaunmoore,G-F,31,PHO,1,0,6.0,0.0,1.0,.000,0.0,1.0,.000,0.0,0.0,,.000,0.0,0.0,,0.0,0.0,0.0,0.0,0.0,0.0,2.0,1.0,0.0
284,2021,jamorant,PG,21,MEM,3,3,27.0,10.0,18.3,.545,1.0,3.0,.333,9.0,15.3,.587,.573,5.3,6.3,.842,0.7,1.7,2.3,6.3,0.7,0.7,2.3,2.0,26.3
285,2021,juwanmorgan,PF,23,UTA,2,0,2.0,0.0,0.5,.000,0.0,0.5,.000,0.0,0.0,,.000,0.0,0.0,,0.0,0.5,0.5,0.0,0.0,0.0,0.0,0.0,0.0
286,2021,markieffmorris,PF,31,LAL,5,0,15.2,1.6,3.8,.421,1.0,2.6,.385,0.6,1.2,.500,.553,0.4,0.6,.667,1.0,3.8,4.8,1.2,0.2,0.6,0.4,1.4,4.6
287,2021,montemorris,PG,25,DEN,4,1,26.8,4.8,8.8,.543,1.0,3.3,.308,3.8,5.5,.682,.600,2.3,3.0,.750,0.3,1.8,2.0,3.3,0.8,0.5,0.5,1.0,12.8
288,2021,mychalmulder,PG,26,GSW,4,0,11.5,1.5,3.5,.429,1.3,3.0,.417,0.3,0.5,.500,.607,0.8,1.5,.500,0.0,1.3,1.3,0.0,0.3,0.3,0.3,0.8,5.0
289,2021,dejountemurray,PG,24,SAS,4,4,31.8,8.0,14.5,.552,1.0,3.0,.333,7.0,11.5,.609,.586,1.5,1.5,1.000,0.5,7.0,7.5,7.3,1.3,0.0,3.8,2.5,18.5
290,2021,jamalmurray,PG,23,DEN,3,3,34.3,5.7,14.3,.395,2.7,7.3,.364,3.0,7.0,.429,.488,3.7,5.3,.688,1.3,3.3,4.7,2.0,1.0,0.3,2.3,3.3,17.7
291,2021,mikemuscala,C,29,OKC,3,0,19.0,4.3,7.7,.565,2.7,5.0,.533,1.7,2.7,.625,.739,1.0,1.0,1.000,0.3,2.7,3.0,1.3,0.7,0.3,0.7,2.3,12.3
292,2021,sviatoslavmykhailiuk,SF,23,DET,4,0,16.5,2.0,6.8,.296,1.0,5.5,.182,1.0,1.3,.800,.370,1.3,1.3,1.000,0.0,2.3,2.3,0.8,0.8,0.0,0.8,1.5,6.3
293,2021,,,,,,,,,,,,,,,,,,,,,,,,,,,,,
294,2021,larrynancejr,PF,28,CLE,4,3,34.0,3.5,7.3,.483,1.3,3.3,.385,2.3,4.0,.563,.569,0.5,0.5,1.000,2.3,5.3,7.5,4.5,2.8,1.0,2.0,2.5,8.8
295,2021,aaronnesmith,SF,21,BOS,2,0,14.5,1.5,4.5,.333,1.0,3.5,.286,0.5,1.0,.500,.444,0.0,0.0,,0.5,1.0,1.5,0.5,0.0,0.5,1.0,1.5,4.0
296,2021,raulneto,G,28,WAS,4,1,16.5,3.8,7.3,.517,1.3,4.3,.294,2.5,3.0,.833,.603,0.5,0.8,.667,0.5,0.8,1.3,1.5,0.8,0.0,0.8,1.3,9.3
297,2021,georgesniang,PF,27,UTA,3,0,7.0,0.0,1.3,.000,0.0,1.3,.000,0.0,0.0,,.000,0.0,0.0,,0.3,0.7,1.0,0.0,0.0,0.0,0.0,1.0,0.0
298,2021,zekennaji,PF,20,DEN,2,0,2.0,0.0,0.5,.000,0.0,0.5,.000,0.0,0.0,,.000,0.0,0.0,,0.0,0.0,0.0,0.0,0.0,0.0,0.0,0.5,0.0
299,2021,nerlensnoel,C-F,26,NYK,4,0,13.8,1.3,2.8,.455,0.0,0.0,,1.3,2.8,.455,.455,0.5,0.8,.667,1.5,3.0,4.5,0.5,1.0,1.5,2.3,1.5,3.0
300,2021,frankntilikina,PG,22,NYK,4,0,10.5,1.5,3.5,.429,1.3,2.3,.556,0.3,1.3,.200,.607,0.3,0.8,.333,0.3,0.8,1.0,0.8,0.8,0.0,0.5,1.8,4.5
301,2021,kendricknunn,PG,25,MIA,3,0,16.0,2.3,7.0,.333,0.3,2.3,.143,2.0,4.7,.429,.357,1.0,1.0,1.000,0.3,1.3,1.7,2.3,0.7,0.3,0.7,0.0,6.0
302,2021,jusufnurkić,C,26,POR,4,4,26.3,4.3,7.8,.548,0.3,1.3,.200,4.0,6.5,.615,.565,1.0,2.0,.500,1.5,6.0,7.5,3.3,0.5,0.8,2.3,2.5,9.8
303,2021,davidnwaba,SG,28,HOU,2,2,29.5,4.5,10.5,.429,0.5,3.0,.167,4.0,7.5,.533,.452,2.5,3.5,.714,1.0,2.5,3.5,0.5,1.5,1.0,0.5,2.0,12.0
304,2021,jordannwora,F,22,MIL,3,0,9.7,2.7,6.3,.421,1.3,2.7,.500,1.3,3.7,.364,.526,1.3,1.3,1.000,0.0,1.7,1.7,0.0,0.3,0.0,1.0,1.3,8.0
305,2021,royceo'neale,SF,27,UTA,3,3,32.0,1.7,4.0,.417,1.0,2.7,.375,0.7,1.3,.500,.542,0.3,0.7,.500,2.7,6.0,8.7,0.3,0.3,0.7,1.3,2.7,4.7
306,2021,semiojeleye,PF,26,BOS,4,0,14.5,1.5,3.8,.400,0.5,1.8,.286,1.0,2.0,.500,.467,1.0,1.8,.571,1.0,1.3,2.3,0.8,0.0,0.0,0.3,0.8,4.5
307,2021,jahlilokafor,C,25,DET,2,0,17.0,3.5,5.5,.636,0.0,0.0,,3.5,5.5,.636,.636,0.0,0.0,,2.5,3.0,5.5,0.5,0.0,0.0,1.0,3.5,7.0
308,2021,chumaokeke,F,22,ORL,4,0,18.5,0.8,2.5,.300,0.0,0.8,.000,0.8,1.8,.429,.300,0.8,1.5,.500,1.3,1.8,3.0,1.8,0.8,0.3,0.5,0.3,2.3
309,2021,joshokogie,SG,22,MIN,3,3,25.0,3.3,7.0,.476,0.3,2.0,.167,3.0,5.0,.600,.500,1.0,1.0,1.000,1.3,2.0,3.3,1.7,0.0,0.3,1.0,2.0,8.0
310,2021,isaacokoro,SG,20,CLE,2,2,37.5,2.0,4.5,.444,0.5,2.5,.200,1.5,2.0,.750,.500,1.0,1.0,1.000,0.0,3.0,3.0,2.5,0.5,0.0,2.0,2.5,5.5
311,2021,kzokpala,PF,21,MIA,2,0,14.0,0.5,2.0,.250,0.0,1.5,.000,0.5,0.5,1.000,.250,0.5,1.0,.500,0.5,1.5,2.0,0.0,0.5,0.0,0.0,0.5,1.5
312,2021,victoroladipo,SG,28,IND,3,3,29.3,9.0,14.7,.614,3.0,5.3,.563,6.0,9.3,.643,.716,1.7,2.0,.833,0.0,5.7,5.7,3.7,1.0,0.3,1.7,2.7,22.7
313,2021,kellyolynyk,C,29,MIA,3,0,24.7,2.7,7.0,.381,1.7,5.0,.333,1.0,2.0,.500,.500,1.3,2.0,.667,1.3,4.0,5.3,2.3,1.3,1.0,1.7,2.0,8.3
314,2021,,,,,,,,,,,,,,,,,,,,,,,,,,,,,
315,2021,miyeoni,SF,23,UTA,2,0,3.0,0.5,1.0,.500,0.5,0.5,1.000,0.0,0.5,.000,.750,0.0,0.0,,0.0,0.5,0.5,0.5,0.0,0.0,0.0,0.0,1.5
316,2021,cediosman,SF,25,CLE,4,1,23.8,4.5,10.3,.439,2.3,5.5,.409,2.3,4.8,.474,.549,2.0,2.5,.800,0.5,2.3,2.8,1.8,0.5,0.3,0.8,2.3,13.3
317,2021,danieloturu,F-C,21,LAC,4,0,5.5,1.3,2.0,.625,0.0,0.3,.000,1.3,1.8,.714,.625,0.0,0.0,,0.3,1.5,1.8,0.5,0.0,0.5,0.3,0.8,2.5
318,2021,kellyoubrejr,SF,25,GSW,4,4,26.3,3.3,12.5,.260,0.3,5.3,.048,3.0,7.3,.414,.270,1.0,1.8,.571,2.0,5.0,7.0,0.8,2.0,1.0,2.5,2.3,7.8
319,2021,ericpaschall,PF,24,GSW,4,2,19.8,3.0,6.5,.462,0.5,1.5,.333,2.5,5.0,.500,.500,3.0,4.0,.750,0.8,1.0,1.8,1.0,0.8,0.3,0.5,2.0,9.5
320,2021,patrickpatterson,PF,31,LAC,4,0,12.8,0.8,3.0,.250,0.5,2.3,.222,0.3,0.8,.333,.333,0.5,0.5,1.000,0.8,1.8,2.5,0.8,0.5,0.0,0.8,1.8,2.5
321,2021,chrispaul,G,35,PHO,4,4,27.8,4.3,10.5,.405,0.8,3.0,.250,3.5,7.5,.467,.440,2.5,2.8,.909,1.0,2.8,3.8,9.5,1.0,0.3,1.8,3.0,11.8
322,2021,cameronpayne,SG,26,PHO,4,0,19.5,4.0,7.5,.533,1.3,2.8,.455,2.8,4.8,.579,.617,0.5,0.5,1.000,0.3,2.5,2.8,5.0,0.8,0.3,0.8,3.3,9.8
323,2021,elfridpayton,PG,26,NYK,4,4,26.3,5.3,11.0,.477,1.5,2.8,.545,3.8,8.3,.455,.545,0.0,1.0,.000,1.3,2.8,4.0,4.5,0.5,0.0,3.3,2.0,12.0
324,2021,reggieperry,PF,20,BRK,2,0,5.0,0.5,1.5,.333,0.0,0.5,.000,0.5,1.0,.500,.333,0.0,0.0,,0.5,0.5,1.0,1.0,0.0,0.0,0.0,0.0,1.0
325,2021,theopinson,G,25,NYK,3,0,1.7,0.0,0.7,.000,0.0,0.7,.000,0.0,0.0,,.000,0.0,0.0,,0.0,0.0,0.0,0.0,0.0,0.0,0.0,0.0,0.0
326,2021,masonplumlee,C,30,DET,4,4,30.8,3.5,5.8,.609,0.0,0.5,.000,3.5,5.3,.667,.609,0.8,1.3,.600,3.3,6.5,9.8,4.8,1.5,0.3,1.8,4.0,7.8
327,2021,jakobpoeltl,C,25,SAS,4,1,21.3,3.0,5.3,.571,0.0,0.0,,3.0,5.3,.571,.571,0.0,0.8,.000,2.8,4.5,7.3,1.8,0.5,0.8,0.8,1.8,6.0
328,2021,aleksejpokusevski,F,19,OKC,3,0,15.0,0.3,5.3,.063,0.0,3.7,.000,0.3,1.7,.200,.063,0.0,0.0,,0.3,3.7,4.0,1.0,0.7,1.3,0.7,1.7,0.7
329,2021,jordanpoole,SG,21,GSW,4,0,15.0,2.3,5.8,.391,0.8,3.3,.231,1.5,2.5,.600,.457,1.0,1.0,1.000,0.3,1.3,1.5,1.0,0.0,0.0,0.8,1.5,6.3
330,2021,michaelporterjr,SF,22,DEN,4,4,29.3,7.5,13.3,.566,2.8,6.5,.423,4.8,6.8,.704,.670,1.8,2.0,.875,1.3,5.5,6.8,1.8,1.0,1.5,0.5,2.8,19.5
331,2021,ottoporter,SF,27,CHI,4,0,23.3,4.0,9.0,.444,1.8,4.5,.389,2.3,4.5,.500,.542,3.3,3.8,.867,1.8,3.3,5.0,1.8,0.5,0.0,2.0,2.3,13.0
332,2021,bobbyportis,F,25,MIL,5,0,22.6,4.2,8.4,.500,0.6,2.0,.300,3.6,6.4,.563,.536,1.4,1.6,.875,2.2,4.6,6.8,1.2,0.8,0.6,1.0,2.2,10.4
333,2021,dwightpowell,C,29,DAL,4,4,20.8,2.0,3.5,.571,0.3,0.5,.500,1.8,3.0,.583,.607,2.3,3.3,.692,1.3,2.0,3.3,1.0,1.5,0.3,1.5,2.5,6.5
334,2021,normanpowell,SG,27,TOR,3,0,19.7,1.3,7.7,.174,1.0,3.3,.300,0.3,4.3,.077,.239,2.3,2.7,.875,0.0,1.0,1.0,1.0,1.3,0.3,0.7,2.3,6.0
335,2021,,,,,,,,,,,,,,,,,,,,,,,,,,,,,
336,2021,taureanprince,PF,26,BRK,5,1,15.4,1.6,4.8,.333,0.8,2.8,.286,0.8,2.0,.400,.417,1.8,2.4,.750,0.0,2.2,2.2,0.2,0.8,0.6,0.4,1.8,5.8
337,2021,paytonpritchard,PG,23,BOS,5,0,22.0,3.4,5.6,.607,1.0,1.8,.556,2.4,3.8,.632,.696,0.4,0.6,.667,0.0,2.0,2.0,2.2,1.6,0.0,1.8,1.6,8.2
338,2021,immanuelquickley,G,21,NYK,1,0,12.0,1.0,3.0,.333,0.0,1.0,.000,1.0,2.0,.500,.333,3.0,3.0,1.000,0.0,1.0,1.0,1.0,1.0,0.0,0.0,0.0,5.0
339,2021,jahmi'usramsey,G,19,SAC,1,0,3.0,1.0,1.0,1.000,0.0,0.0,,1.0,1.0,1.000,1.000,0.0,0.0,,0.0,1.0,1.0,0.0,0.0,0.0,0.0,0.0,2.0
340,2021,juliusrandle,PF,26,NYK,4,4,37.8,8.8,15.8,.556,2.3,3.3,.692,6.5,12.5,.520,.627,5.0,6.8,.741,2.0,8.5,10.5,7.5,0.5,0.3,5.0,4.3,24.8
341,2021,camreddish,SF,21,ATL,4,4,28.5,4.3,10.0,.425,1.5,4.0,.375,2.8,6.0,.458,.500,2.8,3.5,.786,1.0,3.8,4.8,1.5,1.5,0.5,1.5,2.8,12.8
342,2021,jjredick,SG,36,NOP,4,0,22.8,2.8,8.5,.324,1.8,6.0,.292,1.0,2.5,.400,.426,1.8,1.8,1.000,0.0,1.8,1.8,0.5,0.5,0.0,0.8,3.5,9.0
343,2021,nazreid,C,21,MIN,4,2,20.8,3.5,8.0,.438,1.0,2.5,.400,2.5,5.5,.455,.500,1.5,2.0,.750,1.3,2.5,3.8,2.0,0.8,0.8,0.5,2.3,9.5
344,2021,nickrichards,PF,23,CHO,1,0,1.0,0.0,0.0,,0.0,0.0,,0.0,0.0,,,0.0,0.0,,0.0,0.0,0.0,0.0,0.0,0.0,0.0,0.0,0.0
345,2021,joshrichardson,SG,27,DAL,4,4,29.3,5.0,11.5,.435,2.0,6.0,.333,3.0,5.5,.545,.522,1.5,1.5,1.000,1.3,2.3,3.5,1.8,1.0,0.3,0.8,3.3,13.5
346,2021,duncanrobinson,SG,26,MIA,4,4,27.5,3.8,7.5,.500,3.3,6.8,.481,0.5,0.8,.667,.717,1.8,1.8,1.000,0.0,3.8,3.8,0.5,0.8,0.3,1.8,2.0,12.5
347,2021,glennrobinson,G-F,27,SAC,2,0,15.5,2.0,3.5,.571,0.0,0.5,.000,2.0,3.0,.667,.571,0.0,0.0,,0.0,2.0,2.0,0.5,0.0,0.5,0.5,1.0,4.0
348,2021,jeromerobinson,SG,23,WAS,2,0,13.5,0.5,2.0,.250,0.0,1.0,.000,0.5,1.0,.500,.250,0.0,0.0,,0.0,1.0,1.0,0.5,0.0,0.0,1.5,3.5,1.0
349,2021,mitchellrobinson,C,22,NYK,4,4,28.0,3.5,6.3,.560,0.0,0.0,,3.5,6.3,.560,.560,1.0,1.8,.571,2.8,5.0,7.8,0.3,1.0,2.0,0.5,3.0,8.0
350,2021,isaiahroby,PF,22,OKC,1,1,28.0,9.0,12.0,.750,1.0,2.0,.500,8.0,10.0,.800,.792,0.0,3.0,.000,4.0,3.0,7.0,0.0,1.0,2.0,1.0,4.0,19.0
351,2021,rajonrondo,PG,34,ATL,2,0,15.5,2.5,5.0,.500,1.0,2.5,.400,1.5,2.5,.600,.600,0.0,0.0,,0.5,0.5,1.0,7.0,0.5,0.5,1.0,0.5,6.0
352,2021,derrickrose,PG,32,DET,3,0,28.7,5.7,15.3,.370,1.0,3.0,.333,4.7,12.3,.378,.402,2.0,3.3,.600,0.7,1.7,2.3,5.7,1.3,0.3,3.0,2.0,14.3
353,2021,terrenceross,SG,29,ORL,4,0,28.0,7.3,14.0,.518,2.5,5.8,.435,4.8,8.3,.576,.607,4.0,4.3,.941,0.3,1.5,1.8,0.8,1.3,0.0,1.8,1.5,21.0
354,2021,terryrozier,PG,26,CHO,4,4,32.3,8.8,17.3,.507,3.8,9.3,.405,5.0,8.0,.625,.616,3.3,4.5,.722,0.8,3.0,3.8,3.0,1.0,0.8,2.0,3.0,24.5
355,2021,rickyrubio,G,30,MIN,4,2,24.0,3.5,7.0,.500,1.0,2.8,.364,2.5,4.3,.588,.571,1.5,1.8,.857,0.3,2.0,2.3,4.5,1.0,0.0,1.3,2.8,9.5
356,2021,,,,,,,,,,,,,,,,,,,,,,,,,,,,,
357,2021,d'angelorussell,PG,24,MIN,4,3,29.8,6.8,15.8,.429,2.8,7.3,.379,4.0,8.5,.471,.516,1.0,2.0,.500,0.5,2.0,2.5,4.3,1.3,0.3,3.5,3.0,17.3
358,2021,domantassabonis,PF,24,IND,4,4,37.0,8.0,14.8,.542,1.3,2.8,.455,6.8,12.0,.563,.585,4.5,7.5,.600,2.3,8.8,11.0,7.3,1.0,0.5,3.8,4.0,21.8
359,2021,lukašamanić,PF,21,SAS,1,0,1.0,0.0,0.0,,0.0,0.0,,0.0,0.0,,,0.0,0.0,,0.0,0.0,0.0,0.0,0.0,0.0,0.0,0.0,0.0
360,2021,jakarrsampson,PF,27,IND,1,0,2.0,0.0,0.0,,0.0,0.0,,0.0,0.0,,,0.0,0.0,,0.0,1.0,1.0,0.0,0.0,0.0,0.0,1.0,0.0
361,2021,dariošarić,PF,26,PHO,1,0,14.0,3.0,4.0,.750,2.0,3.0,.667,1.0,1.0,1.000,1.000,2.0,2.0,1.000,0.0,4.0,4.0,1.0,1.0,0.0,3.0,1.0,10.0
362,2021,tomášsatoranský,SG,29,CHI,3,0,22.7,2.3,5.0,.467,0.7,2.0,.333,1.7,3.0,.556,.533,1.0,1.0,1.000,0.7,1.7,2.3,6.0,1.3,0.3,2.7,0.7,6.3
363,2021,dennisschröder,G,27,LAL,5,5,29.6,6.8,13.4,.507,1.4,3.6,.389,5.4,9.8,.551,.560,2.6,3.2,.813,0.6,4.6,5.2,5.2,0.6,0.0,3.0,3.6,17.6
364,2021,mikescott,PF,32,PHI,4,0,15.5,1.8,4.8,.368,1.3,4.3,.294,0.5,0.5,1.000,.500,0.5,0.8,.667,0.8,1.5,2.3,0.0,0.5,0.3,0.8,1.3,5.3
365,2021,collinsexton,PG,22,CLE,4,4,38.0,9.5,17.8,.535,1.8,3.3,.538,7.8,14.5,.534,.585,4.5,6.0,.750,0.3,2.0,2.3,3.8,1.3,0.0,2.3,3.0,25.3
366,2021,landryshamet,SG,23,BRK,5,0,18.8,1.8,5.2,.346,1.0,4.0,.250,0.8,1.2,.667,.442,1.4,1.6,.875,0.2,1.2,1.4,0.4,1.0,0.2,1.2,1.4,6.0
367,2021,pascalsiakam,PF,26,TOR,3,3,39.0,7.3,18.7,.393,2.3,7.0,.333,5.0,11.7,.429,.455,1.7,2.0,.833,1.0,8.0,9.0,4.7,1.0,0.7,3.7,4.0,18.7
368,2021,chrissilva,PF,24,MIA,2,0,3.0,0.0,0.0,,0.0,0.0,,0.0,0.0,,,1.0,1.0,1.000,0.0,0.0,0.0,0.0,0.0,0.5,0.5,1.0,1.0
369,2021,bensimmons,PG,24,PHI,4,4,32.8,5.0,10.0,.500,0.0,0.0,,5.0,10.0,.500,.500,4.3,7.3,.586,0.5,8.8,9.3,6.0,1.5,2.0,4.0,2.5,14.3
370,2021,anferneesimons,SG,21,POR,3,0,8.3,1.0,3.0,.333,1.0,3.0,.333,0.0,0.0,,.500,0.3,0.7,.500,0.0,0.3,0.3,0.3,0.3,0.7,0.0,1.0,3.3
371,2021,marcussmart,SG,26,BOS,5,5,32.0,3.2,8.8,.364,2.4,5.6,.429,0.8,3.2,.250,.500,2.8,3.6,.778,0.8,1.2,2.0,5.6,1.6,1.0,1.4,2.0,11.6
372,2021,dennissmithjr,PG,23,NYK,1,0,18.0,1.0,5.0,.200,0.0,2.0,.000,1.0,3.0,.333,.200,2.0,2.0,1.000,0.0,2.0,2.0,2.0,1.0,0.0,1.0,4.0,4.0
373,2021,ishsmith,PG,32,WAS,4,0,20.5,2.5,7.0,.357,0.3,1.3,.200,2.3,5.8,.391,.375,0.5,1.3,.400,0.0,3.3,3.3,2.8,0.0,0.8,0.8,1.3,5.8
374,2021,jalensmith,F,20,PHO,2,0,10.0,1.0,2.5,.400,0.0,0.5,.000,1.0,2.0,.500,.400,0.0,1.0,.000,1.5,1.0,2.5,0.5,0.0,0.5,0.5,0.5,2.0
375,2021,cassiusstanley,G,21,IND,1,0,2.0,1.0,2.0,.500,0.0,0.0,,1.0,2.0,.500,.500,0.0,0.0,,1.0,0.0,1.0,0.0,0.0,0.0,1.0,0.0,2.0
376,2021,lamarstevens,PF,23,CLE,1,0,5.0,0.0,1.0,.000,0.0,0.0,,0.0,1.0,.000,.000,2.0,2.0,1.000,0.0,2.0,2.0,0.0,0.0,0.0,0.0,0.0,2.0
377,2021,,,,,,,,,,,,,,,,,,,,,,,,,,,,,
378,2021,isaiahstewart,C,19,DET,2,0,19.0,2.0,4.5,.444,0.0,0.0,,2.0,4.5,.444,.444,0.0,0.0,,4.5,3.0,7.5,1.5,0.0,1.0,0.5,2.5,4.0
379,2021,maxstrus,G,24,MIA,1,0,12.0,3.0,5.0,.600,1.0,3.0,.333,2.0,2.0,1.000,.700,0.0,0.0,,0.0,0.0,0.0,1.0,0.0,0.0,0.0,0.0,7.0
380,2021,jae'seantate,SF,25,HOU,2,0,31.5,3.5,7.5,.467,1.0,3.5,.286,2.5,4.0,.625,.533,1.0,1.0,1.000,1.5,4.0,5.5,2.0,0.5,0.5,2.0,4.5,9.0
381,2021,jaysontatum,PF,22,BOS,5,5,33.6,9.0,20.0,.450,3.0,7.2,.417,6.0,12.8,.469,.525,2.6,3.0,.867,0.2,8.0,8.2,3.2,1.4,0.6,2.8,1.0,23.6
382,2021,jeffteague,PG,32,BOS,5,1,21.8,2.2,7.8,.282,1.2,2.0,.600,1.0,5.8,.172,.359,2.0,2.4,.833,0.4,2.4,2.8,2.8,2.0,0.4,1.0,1.6,7.6
383,2021,garretttemple,SG,34,CHI,3,0,22.7,2.3,7.3,.318,1.3,4.3,.308,1.0,3.0,.333,.409,0.7,1.3,.500,0.3,1.0,1.3,2.0,1.0,0.0,0.0,3.3,6.7
384,2021,tyrellterry,PG,20,DAL,3,0,4.7,0.3,1.3,.250,0.0,0.7,.000,0.3,0.7,.500,.250,0.0,0.3,.000,0.0,0.3,0.3,0.7,0.3,0.0,0.0,0.3,0.7
385,2021,danieltheis,PF,28,BOS,5,5,21.0,2.8,6.2,.452,0.4,2.6,.154,2.4,3.6,.667,.484,0.4,0.6,.667,0.8,3.4,4.2,1.8,0.4,1.0,0.8,2.0,6.4
386,2021,brodricthomas,SG,24,HOU,2,0,9.0,0.5,2.0,.250,0.0,1.5,.000,0.5,0.5,1.000,.250,1.5,2.5,.600,0.5,1.0,1.5,2.0,0.0,0.0,1.5,2.5,2.5
387,2021,mattthomas,SG,26,TOR,3,0,15.7,2.3,5.7,.412,2.0,4.0,.500,0.3,1.7,.200,.588,0.3,0.3,1.000,0.0,1.7,1.7,1.7,0.7,0.0,0.3,0.7,7.0
388,2021,tristanthompson,PF,29,BOS,4,4,23.3,4.3,8.0,.531,0.0,0.0,,4.3,8.0,.531,.531,1.8,2.0,.875,4.3,4.3,8.5,0.5,0.0,0.5,1.3,3.3,10.3
389,2021,sindariusthornwell,SF,26,NOP,1,0,7.0,1.0,2.0,.500,0.0,1.0,.000,1.0,1.0,1.000,.500,0.0,0.0,,0.0,0.0,0.0,0.0,1.0,0.0,0.0,0.0,2.0
390,2021,matissethybulle,SG,23,PHI,4,0,7.0,0.0,0.8,.000,0.0,0.3,.000,0.0,0.5,.000,.000,0.0,0.0,,0.0,0.3,0.3,0.0,0.3,0.0,0.0,0.5,0.0
391,2021,obitoppin,F,22,NYK,1,0,24.0,3.0,12.0,.250,3.0,7.0,.429,0.0,5.0,.000,.375,0.0,0.0,,0.0,3.0,3.0,1.0,0.0,2.0,0.0,0.0,9.0
392,2021,juantoscanoanderson,SG,27,GSW,4,2,17.3,1.5,1.8,.857,0.5,0.8,.667,1.0,1.0,1.000,1.000,0.0,0.5,.000,0.3,3.5,3.8,2.0,0.5,0.5,1.0,2.3,3.5
393,2021,karlanthonytowns,C,25,MIN,2,2,30.0,6.0,14.5,.414,1.5,4.5,.333,4.5,10.0,.450,.466,5.5,5.5,1.000,3.0,8.5,11.5,5.0,1.0,3.0,3.0,3.5,19.0
394,2021,garytrentjr,SF,22,POR,3,0,18.7,4.7,9.0,.519,3.3,5.7,.588,1.3,3.3,.400,.704,0.3,0.7,.500,0.0,2.0,2.0,1.3,0.7,0.0,0.0,1.0,13.0
395,2021,pjtucker,PF,35,HOU,2,2,35.0,3.0,7.0,.429,2.0,4.0,.500,1.0,3.0,.333,.571,0.0,1.0,.000,1.5,5.5,7.0,2.5,1.5,0.5,2.0,2.5,8.0
396,2021,mylesturner,C,24,IND,4,4,28.8,4.0,9.0,.444,1.0,4.5,.222,3.0,4.5,.667,.500,2.3,2.5,.900,1.0,5.5,6.5,0.5,1.5,5.0,1.5,2.5,11.3
397,2021,jonasvalančiūnas,C,28,MEM,4,4,30.5,5.3,9.8,.538,0.8,1.5,.500,4.5,8.3,.545,.577,4.3,6.3,.680,2.3,10.3,12.5,2.3,0.8,1.3,2.8,3.3,15.5
398,2021,,,,,,,,,,,,,,,,,,,,,,,,,,,,,
399,2021,denzelvalentine,SG,27,CHI,1,0,13.0,4.0,6.0,.667,3.0,4.0,.750,1.0,2.0,.500,.917,0.0,0.0,,0.0,1.0,1.0,0.0,1.0,1.0,0.0,0.0,11.0
400,2021,jarredvanderbilt,PF,21,MIN,2,0,15.5,2.0,4.0,.500,0.0,0.0,,2.0,4.0,.500,.500,1.5,3.0,.500,2.5,4.0,6.5,3.5,2.0,1.0,0.5,0.0,5.5
401,2021,fredvanvleet,SG,26,TOR,3,3,34.0,5.3,14.7,.364,3.0,9.3,.321,2.3,5.3,.438,.466,1.0,1.7,.600,0.7,3.3,4.0,6.0,1.7,0.7,1.7,2.3,14.7
402,2021,devinvassell,G,20,SAS,4,0,14.3,1.3,4.0,.313,0.8,1.8,.429,0.5,2.3,.222,.406,0.0,0.0,,0.3,2.8,3.0,0.5,0.5,0.5,0.5,1.3,3.3
403,2021,gabevincent,PG,24,MIA,1,0,15.0,2.0,6.0,.333,2.0,5.0,.400,0.0,1.0,.000,.500,1.0,1.0,1.000,0.0,2.0,2.0,2.0,0.0,0.0,0.0,4.0,7.0
404,2021,nikolavučević,C,30,ORL,4,4,31.8,7.5,15.5,.484,2.3,5.0,.450,5.3,10.5,.500,.556,2.8,4.3,.647,2.0,9.5,11.5,3.8,1.5,0.3,1.5,0.8,20.0
405,2021,deanwade,PF,24,CLE,3,0,11.0,1.3,2.7,.500,0.7,1.7,.400,0.7,1.0,.667,.625,0.0,0.0,,0.3,1.0,1.3,1.0,1.3,0.3,1.3,2.0,3.3
406,2021,moritzwagner,C,23,WAS,1,0,6.0,2.0,2.0,1.000,0.0,0.0,,2.0,2.0,1.000,1.000,0.0,0.0,,0.0,2.0,2.0,1.0,0.0,0.0,0.0,3.0,4.0
407,2021,lonniewalker,SG,22,SAS,4,4,31.5,5.5,12.3,.449,2.5,5.8,.435,3.0,6.5,.462,.551,0.8,1.5,.500,0.5,3.5,4.0,2.0,0.5,0.5,1.3,2.8,14.3
408,2021,bradwanamaker,PG,31,GSW,4,0,18.3,1.8,4.5,.389,0.3,1.8,.143,1.5,2.8,.545,.417,2.5,3.3,.769,0.0,1.3,1.3,3.0,1.3,0.3,0.8,1.8,6.3
409,2021,tjwarren,SF,27,IND,4,4,29.3,6.8,12.8,.529,0.0,1.8,.000,6.8,11.0,.614,.529,2.0,2.5,.800,0.5,3.0,3.5,1.3,0.5,0.0,1.0,4.0,15.5
410,2021,pjwashington,PF,22,CHO,4,4,25.8,4.5,10.5,.429,0.5,2.0,.250,4.0,8.5,.471,.452,2.3,4.0,.563,2.3,3.8,6.0,2.8,1.0,1.0,1.8,3.5,11.8
411,2021,tremontwaters,PG,23,BOS,2,0,4.5,0.5,1.0,.500,0.0,0.0,,0.5,1.0,.500,.500,1.0,1.0,1.000,0.0,0.0,0.0,1.5,1.0,0.0,1.5,0.0,2.0
412,2021,russellwestbrook,G,32,WAS,3,3,36.7,8.0,19.3,.414,0.3,3.3,.100,7.7,16.0,.479,.422,2.7,3.7,.727,1.3,12.3,13.7,12.7,1.0,0.0,5.7,3.0,19.0
413,2021,cobywhite,PG,20,CHI,4,4,32.0,5.0,13.5,.370,2.8,7.0,.393,2.3,6.5,.346,.472,2.0,2.0,1.000,0.3,3.8,4.0,5.3,0.5,0.3,3.0,1.3,14.8
414,2021,hassanwhiteside,C,31,SAC,4,0,14.0,2.8,5.5,.500,0.0,0.0,,2.8,5.5,.500,.500,0.5,2.0,.250,1.5,4.5,6.0,0.5,0.3,1.3,0.8,2.0,6.0
415,2021,andrewwiggins,SF,25,GSW,4,4,32.8,6.3,17.0,.368,2.3,5.3,.429,4.0,11.8,.340,.434,3.0,3.5,.857,1.5,4.5,6.0,2.0,0.5,1.3,1.8,3.0,17.8
416,2021,grantwilliams,PF,22,BOS,5,0,16.4,1.4,3.6,.389,0.6,2.0,.300,0.8,1.6,.500,.472,0.2,0.8,.250,0.8,1.8,2.6,1.0,0.6,0.2,0.6,2.8,3.6
417,2021,kenrichwilliams,G-F,26,OKC,3,0,12.3,1.0,2.3,.429,0.3,1.0,.333,0.7,1.3,.500,.500,0.7,0.7,1.000,0.7,1.0,1.7,1.0,0.3,0.3,0.7,2.0,3.0
418,2021,louwilliams,PG,34,LAC,5,0,20.0,4.2,8.8,.477,1.2,2.8,.429,3.0,6.0,.500,.545,1.2,1.8,.667,0.4,2.6,3.0,2.8,0.4,0.0,0.8,0.6,10.8
419,2021,,,,,,,,,,,,,,,,,,,,,,,,,,,,,
420,2021,patrickwilliams,SF,19,CHI,4,4,25.5,3.5,8.0,.438,1.0,2.0,.500,2.5,6.0,.417,.500,2.8,3.0,.917,0.8,2.0,2.8,1.5,0.3,1.3,1.8,1.5,10.8
421,2021,robertwilliams,C,23,BOS,4,0,17.0,3.8,4.3,.882,0.0,0.0,,3.8,4.3,.882,.882,0.0,0.0,,2.5,3.3,5.8,0.8,1.3,1.8,1.3,1.8,7.5
422,2021,zionwilliamson,PF,20,NOP,4,4,33.8,8.5,16.0,.531,0.0,0.5,.000,8.5,15.5,.548,.531,4.3,8.0,.531,3.5,5.8,9.3,1.0,2.0,0.5,2.8,2.0,21.3
423,2021,djwilson,PF,24,MIL,4,0,10.8,1.0,2.8,.364,1.0,2.3,.444,0.0,0.5,.000,.545,0.3,0.5,.500,0.5,2.8,3.3,0.3,0.0,0.5,0.5,2.3,3.3
424,2021,dylanwindler,SF,24,CLE,1,0,9.0,1.0,5.0,.200,1.0,4.0,.250,0.0,1.0,.000,.300,0.0,0.0,,0.0,0.0,0.0,0.0,2.0,0.0,1.0,0.0,3.0
425,2021,jameswiseman,C,19,GSW,4,4,23.5,4.5,10.3,.439,1.3,2.0,.625,3.3,8.3,.394,.500,2.3,3.5,.643,1.3,4.5,5.8,0.3,0.8,1.5,1.5,4.0,12.5
426,2021,christianwood,PF,25,HOU,2,2,40.0,11.5,21.0,.548,2.0,3.5,.571,9.5,17.5,.543,.595,2.0,3.0,.667,1.5,6.5,8.0,2.0,1.0,1.5,1.5,2.5,27.0
427,2021,robertwoodard,F,21,SAC,1,0,3.0,1.0,2.0,.500,0.0,1.0,.000,1.0,1.0,1.000,.500,0.0,2.0,.000,0.0,1.0,1.0,0.0,0.0,0.0,1.0,0.0,2.0
428,2021,delonwright,PG,28,DET,4,2,27.8,3.5,7.0,.500,1.3,2.5,.500,2.3,4.5,.500,.589,3.5,4.3,.824,1.0,2.5,3.5,3.8,0.3,0.8,1.5,1.0,11.8
429,2021,traeyoung,PG,22,ATL,4,4,31.5,8.5,16.8,.507,2.0,5.8,.348,6.5,11.0,.591,.567,14.0,15.5,.903,1.8,2.8,4.5,8.3,0.0,0.0,3.5,1.0,33.0
430,2021,codyzeller,C,28,CHO,1,1,19.0,3.0,6.0,.500,0.0,2.0,.000,3.0,4.0,.750,.500,0.0,1.0,.000,1.0,2.0,3.0,0.0,3.0,1.0,1.0,1.0,6.0
431,2021,ivicazubac,C,23,LAC,5,0,19.2,3.2,4.0,.800,0.0,0.0,,3.2,4.0,.800,.800,4.0,5.0,.800,1.6,1.2,2.8,0.8,0.6,1.6,1.0,2.4,10.4
